{
	"classFluff": [
		{
			"name": "Druid",
			"source": "PHB",
			"entries": [
				{
					"name": "Druid",
					"type": "section",
					"entries": [
						"Holding high a gnarled staff wreathed with holly, an elf summons the fury of the storm and calls down explosive bolts of lightning to smite the torch-carrying orcs who threaten her forest.",
						"Crouching out of sight on a high tree branch in the form of a leopard, a human peers out of the jungle at the strange construction of a temple of Evil Elemental Air, keeping a close eye on the cultists' activities.",
						"Swinging a blade formed of pure fire, a half-elf charges into a mass of skeletal soldiers, sundering the unnatural magic that gives the foul creatures the mocking semblance of life.",
						"Whether calling on the elemental forces of nature or emulating the creatures of the animal world, druids are an embodiment of nature's resilience, cunning, and fury. They claim no mastery over nature. Instead, they see themselves as extensions of nature's indomitable will.",
						{
							"type": "entries",
							"name": "Power of Nature",
							"entries": [
								"Druids revere nature above all, gaining their spells and other magical powers either from the force of nature itself or from a nature deity. Many druids pursue a mystic spirituality of transcendent union with nature rather than devotion to a divine entity, while others serve gods of wild nature, animals, or elemental forces. The ancient druidic traditions are sometimes called the Old Faith, in contrast to the worship of gods in temples and shrines.",
								"Druid spells are oriented toward nature and animals\u2014the power of tooth and claw, of sun and moon, of fire and storm. Druids also gain the ability to take on animal forms, and some druids make a particular study of this practice, even to the point where they prefer animal form to their natural form."
							]
						},
						{
							"type": "entries",
							"name": "Preserve the Balance",
							"entries": [
								"For druids, nature exists in a precarious balance. The four elements that make up a world\u2014air, earth, fire, and water\u2014must remain in equilibrium. If one element were to gain power over the others, the world could be destroyed, drawn into one of the elemental planes and broken apart into its component elements. Thus, druids oppose cults of Elemental Evil and others who promote one element to the exclusion of others.",
								"Druids are also concerned with the delicate ecological balance that sustains plant and animal life, and the need for civilized folk to live in harmony with nature, not in opposition to it. Druids accept that which is cruel in nature, and they hate that which is unnatural, including aberrations (such as beholders and mind flayers) and undead (such as zombies and vampires). Druids sometimes lead raids against such creatures, especially when the monsters encroach on the druids' territory.",
								"Druids are often found guarding sacred sites or watching over regions of unspoiled nature. But when a significant danger arises, threatening nature's balance or the lands they protect, druids take on a more active role in combating the threat, as adventurers."
							]
						},
						{
							"type": "entries",
							"name": "Creating a Druid",
							"entries": [
								"When making a druid, consider why your character has such a close bond with nature. Perhaps your character lives in a society where the Old Faith still thrives, or was raised by a druid after being abandoned in the depths of a forest. Perhaps your character had a dramatic encounter with the spirits of nature, coming face to face with a giant eagle or dire wolf and surviving the experience. Maybe your character was born during an epic storm or a volcanic eruption, which was interpreted as a sign that becoming a druid was part of your character's destiny.",
								"Have you always been an adventurer as part of your druidic calling, or did you first spend time as a caretaker of a sacred grove or spring? Perhaps your homeland was befouled by evil, and you took up an adventuring life in hopes of finding a new home or purpose.",
								{
									"type": "entries",
									"name": "Quick Build",
									"entries": [
										"You can make a druid quickly by following these suggestions. First, Wisdom should be your highest ability score, followed by Constitution. Second, choose the {@background hermit} background."
									]
								}
							]
						},
						{
							"type": "inset",
							"name": "Sacred Plants and Wood",
							"entries": [
								"A druid holds certain plants to be sacred, particularly alder, ash, birch, elder, hazel, holly, juniper, mistletoe, oak, rowan, willow, and yew. Druids often use such plants as part of a spellcasting focus, incorporating lengths of oak or yew or sprigs of mistletoe.",
								"Similarly, a druid uses such woods to make other objects, such as weapons and shields. Yew is associated with death and rebirth, so weapon handles for scimitars or sickles might be fashioned from it. Ash is associated with life and oak with strength. These woods make excellent hafts or whole weapons, such as clubs or quarterstaffs, as well as shields. Alder is associated with air, and it might be used for thrown weapons, such as darts or javelins.",
								"Druids from regions that lack the plants described here have chosen other plants to take on similar uses. For instance, a druid of a desert region might value the yucca tree and cactus plants."
							]
						},
						{
							"type": "inset",
							"name": "Druids and the Gods",
							"entries": [
								"Some druids venerate the forces of nature themselves, but most druids are devoted to one of the many nature deities worshiped in the multiverse (the lists of gods in appendix B include many such deities). The worship of these deities is often considered a more ancient tradition than the faiths of clerics and urbanized peoples. In fact, in the world of Greyhawk, the druidic faith is called the Old Faith, and it claims many adherents among farmers, foresters, fishers, and others who live closely with nature. This tradition includes the worship of Nature as a primal force beyond personification, but also encompasses the worship of Beory, the Oerth Mother, as well as devotees of Obad-Hai, Ehlonna, and Ulaa.",
								"In the worlds of Greyhawk and the Forgotten Realms, druidic circles are not usually connected to the faith of a single nature deity. Any given circle in the Forgotten Realms, for example, might include druids who revere Silvanus, Mielikki, Eldath, Chauntea, or even the harsh Gods of Fury: Talos, Malar, Auril, and Umberlee. These nature gods are often called the First Circle, the first among the druids, and most druids count them all (even the violent ones) as worthy of veneration.",
								"The druids of Eberron hold animistic beliefs completely unconnected to the Sovereign Host, the Dark Six, or any of the other religions of the world. They believe that every living thing and every natural phenomenon\u2014sun, moon, wind, fire, and the world itself\u2014has a spirit. Their spells, then, are a means to communicate with and command these spirits. Different druidic sects, though, hold different philosophies about the proper relationship of these spirits to each other and to the forces of civilization. The Ashbound, for example, believe that arcane magic is an abomination against nature, the Children of Winter venerate the forces of death, and the Gatekeepers preserve ancient traditions meant to protect the world from the incursion of aberrations."
							]
						}
					],
					"source": "PHB",
					"page": 64
				},
				{
					"type": "section",
					"entries": [
						{
							"type": "quote",
							"entries": [
								"Even in death, each creature plays its part in maintaining the Great Balance. But now an imbalance grows, a force that seeks to hold sway over nature. This is the destructive behavior of the mortal races. The farther away from nature their actions take them, the more corrupting their influence becomes. As druids, we seek mainly to protect and educate, to preserve the Great Balance, but there are times when we must rise up against danger and eradicate it."
							],
							"by": "Safhran, archdruid"
						},
						"Druids are the caretakers of the natural world, and it is said that in time a druid becomes the voice of nature, speaking the truth that is too subtle for the general populace to hear. Many who become druids find that they naturally gravitate toward nature; its forces, cycles, and movements fill their minds and spirits with wonder and insight. Many sages and wise folk have studied nature, writing volumes about its mystery and power, but druids are a special kind of being: at some point, they begin to embody these natural forces, producing magical phenomena that link them to the spirit of nature and the flow of life. Because of their strange and mysterious power, druids are often revered, shunned, or considered dangerous by the people around them.",
						"Your druid character might be a true worshiper of nature, one who has always scorned civilization and found solace in the wild. Or your character could be a child of the city who now strives to bring the civilized world into harmony with the wilderness. You can use the sections that follow to flesh out your druid, regardless of how your character came to the profession.",
						{
							"type": "entries",
							"name": "Treasured Item",
							"entries": [
								"Some druids carry one or more items that are sacred to them or have deep personal significance. Such items are not necessarily magical, but every one is an object whose meaning connects the druid's mind and heart to a profound concept or spiritual outlook.",
								"When you decide what your character's treasured item is, think about giving it an origin story: how did you come by the item, and why is it important to you?",
								{
									"type": "table",
									"caption": "Treasured Item",
									"colLabels": [
										"{@dice d6}",
										"Treasured Item"
									],
									"colStyles": [
										"col-1 text-center",
										"col-11"
									],
									"rows": [
										[
											{
												"type": "cell",
												"roll": {
													"exact": 1
												}
											},
											"A twig from the meeting tree that stands in the center of your village"
										],
										[
											{
												"type": "cell",
												"roll": {
													"exact": 2
												}
											},
											"A vial of water from the source of a sacred river"
										],
										[
											{
												"type": "cell",
												"roll": {
													"exact": 3
												}
											},
											"Special herbs tied together in a bundle"
										],
										[
											{
												"type": "cell",
												"roll": {
													"exact": 4
												}
											},
											"A small bronze bowl engraved with animal images"
										],
										[
											{
												"type": "cell",
												"roll": {
													"exact": 5
												}
											},
											"A rattle made from a dried gourd and holly berries"
										],
										[
											{
												"type": "cell",
												"roll": {
													"exact": 6
												}
											},
											"A miniature golden sickle handed down to you by your mentor"
										]
									]
								}
							]
						},
						{
							"type": "entries",
							"name": "Guiding Aspects",
							"entries": [
								"Many druids feel a strong link to a specific aspect of the natural world, such as a body of water, an animal, a type of tree, or some other sort of plant. You identify with your chosen aspect; by its behavior or its very nature, it sets an example that you seek to emulate.",
								{
									"type": "table",
									"caption": "Guiding Aspects",
									"colLabels": [
										"{@dice d6}",
										"Guiding Aspects"
									],
									"colStyles": [
										"col-1 text-center",
										"col-11"
									],
									"rows": [
										[
											{
												"type": "cell",
												"roll": {
													"exact": 1
												}
											},
											"Yew trees remind you of renewing your mind and spirit, letting the old die and the new spring forth."
										],
										[
											{
												"type": "cell",
												"roll": {
													"exact": 2
												}
											},
											"Oak trees represent strength and vitality. Meditating under an oak fills your body and mind with resolve and fortitude."
										],
										[
											{
												"type": "cell",
												"roll": {
													"exact": 3
												}
											},
											"The river's endless flow reminds you of the great span of the world. You seek to act with the long-term interests of nature in mind."
										],
										[
											{
												"type": "cell",
												"roll": {
													"exact": 4
												}
											},
											"The sea is a constant, churning cauldron of power and chaos. It reminds you that accepting change is necessary to sustain yourself in the world."
										],
										[
											{
												"type": "cell",
												"roll": {
													"exact": 5
												}
											},
											"The birds in the sky are evidence that even the smallest creatures can survive if they remain above the fray."
										],
										[
											{
												"type": "cell",
												"roll": {
													"exact": 6
												}
											},
											"As demonstrated by the actions of the wolf, an individual's strength is nothing compared to the power of the pack."
										]
									]
								}
							]
						},
						{
							"type": "entries",
							"name": "Mentors",
							"entries": [
								"It's not unusual for would-be druids to seek out (or be sought out by) instructors or elders who teach them the basics of their magical arts. Most druids who learn from a mentor begin their training at a young age, and the mentor has a vital role in shaping a student's attitudes and beliefs.",
								"If your character received training from someone else, who or what was that individual, and what was the nature of your relationship? Did your mentor imbue you with a particular outlook or otherwise influence your approach to achieving the goals of your chosen path?",
								{
									"type": "table",
									"caption": "Mentors",
									"colLabels": [
										"{@dice d6}",
										"Mentors"
									],
									"colStyles": [
										"col-1 text-center",
										"col-11"
									],
									"rows": [
										[
											{
												"type": "cell",
												"roll": {
													"exact": 1
												}
											},
											"Your mentor was a wise treant who taught you to think in terms of years and decades rather than days or months."
										],
										[
											{
												"type": "cell",
												"roll": {
													"exact": 2
												}
											},
											"You were tutored by a dryad who watched over a slumbering portal to the Abyss. During your training, you were tasked with watching for hidden threats to the world."
										],
										[
											{
												"type": "cell",
												"roll": {
													"exact": 3
												}
											},
											"Your tutor always interacted with you in the form of a falcon. You never saw the tutor's humanoid form."
										],
										[
											{
												"type": "cell",
												"roll": {
													"exact": 4
												}
											},
											"You were one of several youngsters who were mentored by an old druid, until one of your fellow pupils betrayed your group and killed your master."
										],
										[
											{
												"type": "cell",
												"roll": {
													"exact": 5
												}
											},
											"Your mentor has appeared to you only in visions. You have yet to meet this person, and you are not sure such a person exists in mortal form."
										],
										[
											{
												"type": "cell",
												"roll": {
													"exact": 6
												}
											},
											"Your mentor was a werebear who taught you to treat all living things with equal regard."
										]
									]
								}
							]
						},
						{
							"type": "section",
							"name": "Learning Beast Shapes",
							"entries": [
								"The Wild Shape feature in the player's handbook lets you transform into a beast that you've seen. That rule gives you a tremendous amount of flexibility, making it easy to amass an array of beast form options for yourself, but you must abide by the limitations in the Beast Shapes table in that book.",
								"When you gain Wild Shape as a 2nd-level druid, you might wonder which beasts you've already seen. The following tables organize beasts from the monster manual according to the beasts' most likely environments. Consider the environment your druid grew up in, then consult the appropriate table for a list of animals that your druid has probably seen by 2nd level.",
								"These tables can also help you and your DM determine which animals you might see on your travels. In addition, the tables include each beast's challenge rating and note whether a beast has a flying or swimming speed. This information will help you determine whether you qualify to assume that beast's form.",
								"The tables include all the individual beasts that are eligible for Wild Shape (up to a challenge rating of 1) or the Circle Forms feature of the Circle of the Moon (up to a challenge rating of 6).",
								{
									"type": "tableGroup",
									"tables": [
										{
											"type": "table",
											"caption": "Arctic",
											"colLabels": [
												"CR",
												"Beast",
												"Fly/Swim"
											],
											"colStyles": [
												"col-2 text-center",
												"col-8",
												"col-2"
											],
											"rows": [
												[
													"0",
													"{@creature Owl}",
													"Fly"
												],
												[
													"1/8",
													"{@creature Blood hawk}",
													"Fly"
												],
												[
													"1/4",
													"{@creature Giant owl}",
													"Fly"
												],
												[
													"1",
													"{@creature Brown bear}",
													"\u2014"
												],
												[
													"2",
													"{@creature Polar bear}",
													"Swim"
												],
												[
													"2",
													"{@creature Saber-toothed tiger}",
													"\u2014"
												],
												[
													"6",
													"{@creature Mammoth}",
													"\u2014"
												]
											]
										},
										{
											"type": "table",
											"caption": "Coast",
											"colLabels": [
												"CR",
												"Beast",
												"Fly/Swim"
											],
											"colStyles": [
												"col-2 text-center",
												"col-8",
												"col-2"
											],
											"rows": [
												[
													"0",
													"{@creature Crab}",
													"Swim"
												],
												[
													"0",
													"{@creature Eagle}",
													"Fly"
												],
												[
													"1/8",
													"{@creature Blood hawk}",
													"Fly"
												],
												[
													"1/8",
													"{@creature Giant crab}",
													"Swim"
												],
												[
													"1/8",
													"{@creature Poisonous snake}",
													"Swim"
												],
												[
													"1/8",
													"{@creature Stirge}",
													"Fly"
												],
												[
													"1/4",
													"{@creature Giant lizard}",
													"\u2014"
												],
												[
													"1/4",
													"{@creature Giant wolf spider}",
													"\u2014"
												],
												[
													"1/4",
													"{@creature Pteranodon}",
													"Fly"
												],
												[
													"1",
													"{@creature Giant eagle}",
													"Fly"
												],
												[
													"1",
													"{@creature Giant toad}",
													"Swim"
												],
												[
													"2",
													"{@creature Plesiosaurus}",
													"Swim"
												]
											]
										},
										{
											"type": "table",
											"caption": "Desert",
											"colLabels": [
												"CR",
												"Beast",
												"Fly/Swim"
											],
											"colStyles": [
												"col-2 text-center",
												"col-8",
												"col-2"
											],
											"rows": [
												[
													"0",
													"{@creature Cat}",
													"\u2014"
												],
												[
													"0",
													"{@creature Hyena}",
													"\u2014"
												],
												[
													"0",
													"{@creature Jackal}",
													"\u2014"
												],
												[
													"0",
													"{@creature Scorpion}",
													"\u2014"
												],
												[
													"0",
													"{@creature Vulture}",
													"Fly"
												],
												[
													"1/8",
													"{@creature Camel}",
													"\u2014"
												],
												[
													"1/8",
													"{@creature Flying snake}",
													"Fly"
												],
												[
													"1/8",
													"{@creature Mule}",
													"\u2014"
												],
												[
													"1/8",
													"{@creature Poisonous snake}",
													"Swim"
												],
												[
													"1/8",
													"{@creature Stirge}",
													"Fly"
												],
												[
													"1/4",
													"{@creature Constrictor snake}",
													"Swim"
												],
												[
													"1/4",
													"{@creature Giant lizard}",
													"\u2014"
												],
												[
													"1/4",
													"{@creature Giant poisonous snake}",
													"Swim"
												],
												[
													"1/4",
													"{@creature Giant wolf spider}",
													"\u2014"
												],
												[
													"1",
													"{@creature Giant hyena}",
													"\u2014"
												],
												[
													"1",
													"{@creature Giant spider}",
													"\u2014"
												],
												[
													"1",
													"{@creature Giant toad}",
													"Swim"
												],
												[
													"1",
													"{@creature Giant vulture}",
													"Fly"
												],
												[
													"1",
													"{@creature Lion}",
													"\u2014"
												],
												[
													"2",
													"{@creature Giant constrictor snake}",
													"Swim"
												],
												[
													"3",
													"{@creature Giant scorpion}",
													"\u2014"
												]
											]
										},
										{
											"type": "table",
											"caption": "Forest",
											"colLabels": [
												"CR",
												"Beast",
												"Fly/Swim"
											],
											"colStyles": [
												"col-2 text-center",
												"col-8",
												"col-2"
											],
											"rows": [
												[
													"0",
													"{@creature Baboon}",
													"\u2014"
												],
												[
													"0",
													"{@creature Badger}",
													"\u2014"
												],
												[
													"0",
													"{@creature Cat}",
													"\u2014"
												],
												[
													"0",
													"{@creature Deer}",
													"\u2014"
												],
												[
													"0",
													"{@creature Hyena}",
													"\u2014"
												],
												[
													"0",
													"{@creature Owl}",
													"Fly"
												],
												[
													"1/8",
													"{@creature Blood hawk}",
													"Fly"
												],
												[
													"1/8",
													"{@creature Flying snake}",
													"Fly"
												],
												[
													"1/8",
													"{@creature Giant rat}",
													"\u2014"
												],
												[
													"1/8",
													"{@creature Giant weasel}",
													"\u2014"
												],
												[
													"1/8",
													"{@creature Poisonous snake}",
													"Swim"
												],
												[
													"1/8",
													"{@creature Mastiff}",
													"\u2014"
												],
												[
													"1/8",
													"{@creature Stirge}",
													"Fly"
												],
												[
													"1/4",
													"{@creature Boar}",
													"\u2014"
												],
												[
													"1/4",
													"{@creature Constrictor snake}",
													"Swim"
												],
												[
													"1/4",
													"{@creature Elk}",
													"\u2014"
												],
												[
													"1/4",
													"{@creature Giant badger}",
													"\u2014"
												],
												[
													"1/4",
													"{@creature Giant bat}",
													"Fly"
												],
												[
													"1/4",
													"{@creature Giant frog}",
													"Swim"
												],
												[
													"1/4",
													"{@creature Giant lizard}",
													"\u2014"
												],
												[
													"1/4",
													"{@creature Giant owl}",
													"Fly"
												],
												[
													"1/4",
													"{@creature Giant poisonous snake}",
													"Swim"
												],
												[
													"1/4",
													"{@creature Giant wolf spider}",
													"\u2014"
												],
												[
													"1/4",
													"{@creature Panther}",
													"\u2014"
												],
												[
													"1/4",
													"{@creature Wolf}",
													"\u2014"
												],
												[
													"1/2",
													"{@creature Ape}",
													"\u2014"
												],
												[
													"1/2",
													"{@creature Black bear}",
													"\u2014"
												],
												[
													"1/2",
													"{@creature Giant wasp}",
													"Fly"
												],
												[
													"1",
													"{@creature Brown bear}",
													"\u2014"
												],
												[
													"1",
													"{@creature Dire wolf}",
													"\u2014"
												],
												[
													"1",
													"{@creature Giant hyena}",
													"\u2014"
												],
												[
													"1",
													"{@creature Giant spider}",
													"\u2014"
												],
												[
													"1",
													"{@creature Giant toad}",
													"Swim"
												],
												[
													"1",
													"{@creature Tiger}",
													"\u2014"
												],
												[
													"2",
													"{@creature Giant boar}",
													"\u2014"
												],
												[
													"2",
													"{@creature Giant constrictor snake}",
													"Swim"
												],
												[
													"2",
													"{@creature Giant elk}",
													"\u2014"
												]
											]
										},
										{
											"type": "table",
											"caption": "Grassland",
											"colLabels": [
												"CR",
												"Beast",
												"Fly/Swim"
											],
											"colStyles": [
												"col-2 text-center",
												"col-8",
												"col-2"
											],
											"rows": [
												[
													"0",
													"{@creature Cat}",
													"\u2014"
												],
												[
													"0",
													"{@creature Deer}",
													"\u2014"
												],
												[
													"0",
													"{@creature Eagle}",
													"Fly"
												],
												[
													"0",
													"{@creature Goat}",
													"\u2014"
												],
												[
													"0",
													"{@creature Hyena}",
													"\u2014"
												],
												[
													"0",
													"{@creature Jackal}",
													"\u2014"
												],
												[
													"0",
													"{@creature Vulture}",
													"Fly"
												],
												[
													"1/8",
													"{@creature Blood hawk}",
													"Fly"
												],
												[
													"1/8",
													"{@creature Flying snake}",
													"Fly"
												],
												[
													"1/8",
													"{@creature Giant weasel}",
													"\u2014"
												],
												[
													"1/8",
													"{@creature Poisonous snake}",
													"Swim"
												],
												[
													"1/8",
													"{@creature Stirge}",
													"Fly"
												],
												[
													"1/4",
													"{@creature Axe beak}",
													"\u2014"
												],
												[
													"1/4",
													"{@creature Boar}",
													"\u2014"
												],
												[
													"1/4",
													"{@creature Elk}",
													"\u2014"
												],
												[
													"1/4",
													"{@creature Giant poisonous snake}",
													"Swim"
												],
												[
													"1/4",
													"{@creature Giant wolf spider}",
													"\u2014"
												],
												[
													"1/4",
													"{@creature Panther} (leopard)",
													"\u2014"
												],
												[
													"1/4",
													"{@creature Pteranodon}",
													"Fly"
												],
												[
													"1/4",
													"{@creature Riding horse}",
													"\u2014"
												],
												[
													"1/4",
													"{@creature Wolf}",
													"\u2014"
												],
												[
													"1/2",
													"{@creature Giant goat}",
													"\u2014"
												],
												[
													"1/2",
													"{@creature Giant wasp}",
													"Fly"
												],
												[
													"1",
													"{@creature Giant eagle}",
													"Fly"
												],
												[
													"1",
													"{@creature Giant hyena}",
													"\u2014"
												],
												[
													"1",
													"{@creature Giant vulture}",
													"Fly"
												],
												[
													"1",
													"{@creature Lion}",
													"\u2014"
												],
												[
													"1",
													"{@creature Tiger}",
													"\u2014"
												],
												[
													"2",
													"{@creature Allosaurus}",
													"\u2014"
												],
												[
													"2",
													"{@creature Giant boar}",
													"\u2014"
												],
												[
													"2",
													"{@creature Giant elk}",
													"\u2014"
												],
												[
													"2",
													"{@creature Rhinoceros}",
													"\u2014"
												],
												[
													"3",
													"{@creature Ankylosaurus}",
													"\u2014"
												],
												[
													"4",
													"{@creature Elephant}",
													"\u2014"
												],
												[
													"5",
													"{@creature Triceratops}",
													"\u2014"
												]
											]
										},
										{
											"type": "table",
											"caption": "Hill",
											"colLabels": [
												"CR",
												"Beast",
												"Fly/Swim"
											],
											"colStyles": [
												"col-2 text-center",
												"col-8",
												"col-2"
											],
											"rows": [
												[
													"0",
													"{@creature Baboon}",
													"\u2014"
												],
												[
													"0",
													"{@creature Eagle}",
													"Fly"
												],
												[
													"0",
													"{@creature Goat}",
													"\u2014"
												],
												[
													"0",
													"{@creature Hyena}",
													"\u2014"
												],
												[
													"0",
													"{@creature Raven}",
													"Fly"
												],
												[
													"0",
													"{@creature Vulture}",
													"Fly"
												],
												[
													"1/8",
													"{@creature Blood hawk}",
													"Fly"
												],
												[
													"1/8",
													"{@creature Giant weasel}",
													"\u2014"
												],
												[
													"1/8",
													"{@creature Mastiff}",
													"\u2014"
												],
												[
													"1/8",
													"{@creature Mule}",
													"\u2014"
												],
												[
													"1/8",
													"{@creature Poisonous snake}",
													"Swim"
												],
												[
													"1/8",
													"{@creature Stirge}",
													"Fly"
												],
												[
													"1/4",
													"{@creature Axe beak}",
													"\u2014"
												],
												[
													"1/4",
													"{@creature Boar}",
													"\u2014"
												],
												[
													"1/4",
													"{@creature Elk}",
													"\u2014"
												],
												[
													"1/4",
													"{@creature Giant owl}",
													"Fly"
												],
												[
													"1/4",
													"{@creature Giant wolf spider}",
													"\u2014"
												],
												[
													"1/4",
													"{@creature Panther} (cougar)",
													"\u2014"
												],
												[
													"1/4",
													"{@creature Wolf}",
													"\u2014"
												],
												[
													"1/2",
													"{@creature Giant goat}",
													"\u2014"
												],
												[
													"1",
													"{@creature Brown bear}",
													"\u2014"
												],
												[
													"1",
													"{@creature Dire wolf}",
													"\u2014"
												],
												[
													"1",
													"{@creature Giant eagle}",
													"Fly"
												],
												[
													"1",
													"{@creature Giant hyena}",
													"\u2014"
												],
												[
													"1",
													"{@creature Lion}",
													"\u2014"
												],
												[
													"2",
													"{@creature Giant boar}",
													"\u2014"
												],
												[
													"2",
													"{@creature Giant elk}",
													"\u2014"
												]
											]
										},
										{
											"type": "table",
											"caption": "Mountain",
											"colLabels": [
												"CR",
												"Beast",
												"Fly/Swim"
											],
											"colStyles": [
												"col-2 text-center",
												"col-8",
												"col-2"
											],
											"rows": [
												[
													"0",
													"{@creature Eagle}",
													"Fly"
												],
												[
													"0",
													"{@creature Goat}",
													"\u2014"
												],
												[
													"1/8",
													"{@creature Blood hawk}",
													"Fly"
												],
												[
													"1/8",
													"{@creature Stirge}",
													"Fly"
												],
												[
													"1/4",
													"{@creature Pteranodon}",
													"Fly"
												],
												[
													"1/2",
													"{@creature Giant goat}",
													"\u2014"
												],
												[
													"1",
													"{@creature Giant eagle}",
													"Fly"
												],
												[
													"1",
													"{@creature Lion}",
													"\u2014"
												],
												[
													"2",
													"{@creature Giant elk}",
													"\u2014"
												],
												[
													"2",
													"{@creature Saber-toothed tiger}",
													"\u2014"
												]
											]
										},
										{
											"type": "table",
											"caption": "Swamp",
											"colLabels": [
												"CR",
												"Beast",
												"Fly/Swim"
											],
											"colStyles": [
												"col-2 text-center",
												"col-8",
												"col-2"
											],
											"rows": [
												[
													"0",
													"{@creature Rat}",
													"\u2014"
												],
												[
													"0",
													"{@creature Raven}",
													"Fly"
												],
												[
													"1/8",
													"{@creature Giant rat}",
													"\u2014"
												],
												[
													"1/8",
													"{@creature Poisonous snake}",
													"Swim"
												],
												[
													"1/8",
													"{@creature Stirge}",
													"Fly"
												],
												[
													"1/4",
													"{@creature Constrictor snake}",
													"Swim"
												],
												[
													"1/4",
													"{@creature Giant frog}",
													"Swim"
												],
												[
													"1/4",
													"{@creature Giant lizard}",
													"\u2014"
												],
												[
													"1/4",
													"{@creature Giant poisonous snake}",
													"Swim"
												],
												[
													"1/2",
													"{@creature Crocodile}",
													"Swim"
												],
												[
													"1",
													"{@creature Giant spider}",
													"\u2014"
												],
												[
													"1",
													"{@creature Giant toad}",
													"Swim"
												],
												[
													"2",
													"{@creature Giant constrictor snake}",
													"Swim"
												],
												[
													"5",
													"{@creature Giant crocodile}",
													"Swim"
												]
											]
										},
										{
											"type": "table",
											"caption": "Underdark",
											"colLabels": [
												"CR",
												"Beast",
												"Fly/Swim"
											],
											"colStyles": [
												"col-2 text-center",
												"col-8",
												"col-2"
											],
											"rows": [
												[
													"0",
													"{@creature Giant fire beetle}",
													"\u2014"
												],
												[
													"1/8",
													"{@creature Giant rat}",
													"\u2014"
												],
												[
													"1/8",
													"{@creature Stirge}",
													"Fly"
												],
												[
													"1/4",
													"{@creature Giant bat}",
													"Fly"
												],
												[
													"1/4",
													"{@creature Giant centipede}",
													"\u2014"
												],
												[
													"1/4",
													"{@creature Giant lizard}",
													"\u2014"
												],
												[
													"1/4",
													"{@creature Giant poisonous snake}",
													"Swim"
												],
												[
													"1",
													"{@creature Giant spider}",
													"\u2014"
												],
												[
													"1",
													"{@creature Giant toad}",
													"Swim"
												],
												[
													"2",
													"{@creature Giant constrictor snake}",
													"Swim"
												],
												[
													"2",
													"{@creature Polar bear} (cave bear)",
													"Swim"
												]
											]
										},
										{
											"type": "table",
											"caption": "Underwater",
											"colLabels": [
												"CR",
												"Beast",
												"Fly/Swim"
											],
											"colStyles": [
												"col-2 text-center",
												"col-8",
												"col-2"
											],
											"rows": [
												[
													"0",
													"{@creature Quipper}",
													"Swim"
												],
												[
													"1/4",
													"{@creature Constrictor snake}",
													"Swim"
												],
												[
													"1/2",
													"{@creature Giant sea horse}",
													"Swim"
												],
												[
													"1/2",
													"{@creature Reef shark}",
													"Swim"
												],
												[
													"1",
													"{@creature Giant octopus}",
													"Swim"
												],
												[
													"2",
													"{@creature Giant constrictor snake}",
													"Swim"
												],
												[
													"2",
													"{@creature Hunter shark}",
													"Swim"
												],
												[
													"2",
													"{@creature Plesiosaurus}",
													"Swim"
												],
												[
													"3",
													"{@creature Killer whale}",
													"Swim"
												],
												[
													"5",
													"{@creature Giant shark}",
													"Swim"
												]
											]
										}
									],
									"data": {
										"tableInclude": true
									}
								}
							]
						}
					],
					"source": "XGE",
					"page": 21
				}
			],
			"images": [
				{
					"type": "image",
					"href": {
						"type": "internal",
						"path": "classes/PHB/Druid.webp"
					},
					"width": 1000,
					"height": 999
				}
			]
		},
		{
			"name": "Druid",
			"source": "XPHB",
			"entries": [
				{
					"type": "section",
					"name": "Druid",
					"source": "XPHB",
					"page": 78,
					"entries": [
						"Druids belong to ancient orders that call on the forces of nature. Harnessing the magic of animals, plants, and the four elements, Druids heal, transform into animals, and wield elemental destruction.",
						"Revering nature above all, individual Druids gain their magic from nature, a nature deity, or both, and they typically unite with other Druids to perform rites that mark the passage of the seasons and other natural cycles.",
						"Druids are concerned with the delicate ecological balance that sustains plant and animal life and with the need for people to live in harmony with nature. Druids often guard sacred sites or watch over regions of unspoiled nature, but when a significant danger arises, Druids take a more active role as adventurers who combat the threat."
					]
				}
			],
			"images": [
				{
					"type": "image",
					"href": {
						"type": "internal",
						"path": "classes/XPHB/Druid.webp"
					},
					"credit": "Alexander Mokhov",
					"width": 1700,
					"height": 2170
				},
				{
					"type": "image",
					"href": {
						"type": "internal",
						"path": "classes/XPHB/057-03-033.druid-in-nature.webp"
					},
					"title": "A Druid channels the power of nature through their magic",
					"credit": "Jessica Fong",
					"width": 2226,
					"height": 1440
				},
				{
					"type": "image",
					"href": {
						"type": "internal",
						"path": "classes/XPHB/060-03-036.wolf-form-druid.webp"
					},
					"title": "A Druid in wolf form howls at the moon",
					"credit": "John Grello",
					"width": 1500,
					"height": 1350
				}
			]
		}
	],
	"subclassFluff": [
		{
			"name": "Circle of Dreams",
			"shortName": "Dreams",
			"source": "XGE",
			"className": "Druid",
			"classSource": "PHB",
			"images": [
				{
					"type": "image",
					"href": {
						"type": "internal",
						"path": "classes/XGE/Dreams Druid.webp"
					},
					"width": 640,
					"height": 1000
				}
			]
		},
		{
			"name": "Circle of the Shepherd",
			"shortName": "Shepherd",
			"source": "XGE",
			"className": "Druid",
			"classSource": "PHB",
			"images": [
				{
					"type": "image",
					"href": {
						"type": "internal",
						"path": "classes/XGE/Shepherd Druid.webp"
					},
					"width": 776,
					"height": 1000
				}
			]
		},
		{
			"name": "Circle of Spores",
			"shortName": "Spores",
			"source": "TCE",
			"className": "Druid",
			"classSource": "PHB",
			"images": [
				{
					"type": "image",
					"href": {
						"type": "internal",
						"path": "classes/TCE/Spores Druid.webp"
					},
					"width": 1200,
					"height": 802
				}
			]
		},
		{
			"name": "Circle of Stars",
			"shortName": "Stars",
			"source": "TCE",
			"className": "Druid",
			"classSource": "PHB",
			"images": [
				{
					"type": "image",
					"href": {
						"type": "internal",
						"path": "classes/TCE/Stars Druid.webp"
					},
					"width": 675,
					"height": 1000
				}
			]
		},
		{
			"name": "Circle of Wildfire",
			"shortName": "Wildfire",
			"source": "TCE",
			"className": "Druid",
			"classSource": "PHB",
			"images": [
				{
					"type": "image",
					"href": {
						"type": "internal",
						"path": "classes/TCE/Wildfire Druid.webp"
					},
					"width": 1200,
					"height": 832
				}
			]
		},
		{
			"name": "Circle of the Blighted",
			"shortName": "Blighted",
			"source": "TDCSR",
			"className": "Druid",
			"classSource": "PHB",
			"images": [
				{
					"type": "image",
					"href": {
						"type": "internal",
						"path": "classes/TDCSR/Blighted Druid.webp"
					},
					"width": 850,
					"height": 1552
				}
			]
		},
		{
			"name": "Circle of the Land",
			"shortName": "Land",
			"source": "XPHB",
			"className": "Druid",
			"classSource": "XPHB",
			"images": [
				{
					"type": "image",
					"href": {
						"type": "internal",
						"path": "classes/XPHB/Land Druid.webp"
					},
					"credit": "Polar Engine",
					"width": 850,
					"height": 2513
				}
			]
		},
		{
			"name": "Circle of the Moon",
			"shortName": "Moon",
			"source": "XPHB",
			"className": "Druid",
			"classSource": "XPHB",
			"images": [
				{
					"type": "image",
					"href": {
						"type": "internal",
						"path": "classes/XPHB/Moon Druid.webp"
					},
					"credit": "John Grello",
					"width": 850,
					"height": 2358
				}
			]
		},
		{
			"name": "Circle of the Sea",
			"shortName": "Sea",
			"source": "XPHB",
			"className": "Druid",
			"classSource": "XPHB",
			"images": [
				{
					"type": "image",
					"href": {
						"type": "internal",
						"path": "classes/XPHB/Sea Druid.webp"
					},
					"credit": "Ricardo Moscatello",
					"width": 970,
					"height": 1440
				}
			]
		},
		{
			"name": "Circle of the Stars",
			"shortName": "Stars",
			"source": "XPHB",
			"className": "Druid",
			"classSource": "XPHB",
			"images": [
				{
					"type": "image",
					"href": {
						"type": "internal",
						"path": "classes/XPHB/Stars Druid.webp"
					},
					"credit": "Marcela Medeiros",
					"width": 850,
					"height": 2197
				}
			]
		}
	]
}
