{
	"data": [
		{
			"type": "section",
			"name": "Restoring Harmony: Circus of Illusions",
			"page": 2,
			"entries": [
				"Welcome to Restoring Harmony, a Dungeons & Dragons adventure series in collaboration with the tasty and colorful world of NERDS.",
				"To run this adventure, you need the fifth edition Basic Rules for D&D, which is available as a free download here. All the magic items and monster stat blocks you need are included at the end of this adventure.",
				"Restoring Harmony is a campaign that's divided into six 1st-level mini adventures for a solo player and one longer adventure for multiple players. Each mini adventure takes approximately 45 minutes to play and the final adventure takes approximately 60\u201390 minutes to play.",
				"The mini adventures can be played in any order, but the final adventure should be played last. Here is a list of all the adventures:",
				{
					"type": "list",
					"items": [
						"{@adventure Adventure 1 The Candy Mountain Caper|NRH-TCMC}",
						"{@adventure Adventure 2 A Voice in the Wilderness|NRH-AVitW}",
						"{@adventure Adventure 3 A Sticky Situation|NRH-ASS}",
						"{@adventure Adventure 4 Circus of Illusions|NRH-CoI}",
						"{@adventure Adventure 5 The Lost Tomb|NRH-TLT}",
						"{@adventure Adventure 6 A Web of Lies|NRH-AWoL}",
						"{@adventure Adventure 7 Adventure Together|NRH-AT}"
					]
				},
				{
					"type": "entries",
					"name": "Story Summary",
					"page": 2,
					"entries": [
						"Ever jealous of the cheery dispositions and colorful deliciousness of the NERDS, Emo the beholder and his hired muscle, Mr. Greystone, have struck a blow against the NERDS' beloved city of Harmony. After years of searching, the nefarious duo have found the sacred Prismatic Well that gives Harmony its vibrant and fabulous colors. Now, with access to the Prismatic Well, Emo and Mr. Greystone have begun to leech the color from the city of Harmony. If they aren't stopped, the city will gradually turn gray, with everything eventually becoming black and white.",
						"To the NERDS, the colors beginning to flicker and drain out of Harmony is an unsettling mystery. What brings the colors to Harmony is an enigma to them. All they can do is hope the power comes back on and restores the vibrancy of Harmony's colors once more.",
						"But one group knows what's up, and that group is the Lorekeeper Society\u2014a secret society sworn to protect Harmony. The Lorekeepers know about the power of the Prismatic Well, but its true location is lost even to themselves. However, they have a way to find the well using an ancient artifact known as the Amulet of Harmony, but to activate it they need to find the six Gems of Power. Once activated, the amulet guides whoever controls it to the secret location of the Prismatic Well. But once activated, the amulet also has the power to turn off the well.",
						"The Gems of Power were long ago hidden away for safekeeping in dungeons, forests, and towers. No one in the Lorekeeper Society knows the details of the magical beasts and traps guarding the gems, but our heroic NERDS are more than up to the challenge of restoring Harmony!"
					],
					"id": "001"
				},
				{
					"type": "entries",
					"name": "Solo Play",
					"page": 2,
					"entries": [
						"Due to the solo player nature of the adventures (with the exception of Adventure 7 Adventure Together), the power level of some monsters may be difficult with respect to the level of the character. You may want to present a roleplaying solution (such as making friends with the monster or tricking them) to players who are eager to rush into combat. With any encounter in this or subsequent adventures, feel free to present opportunities for unconventional solutions and alternatives to combat.",
						"You can also adjust the story to be more benevolent in nature, allowing automatic successes on rolls, having monsters become instant friends, or giving your player advantage on all their rolls.",
						{
							"type": "entries",
							"name": "TPK: Total Party Kill",
							"page": 3,
							"entries": [
								"In solo play, there's always a chance the character can die. In the case of a single adventurer, this death results in the end of play; which isn't optimal for an afternoon of fun! One way to avoid death is to have healing readily available to the adventurer. If they're without healing, have the character find the odd {@item potion of healing} lying in a dusty crate or have them discover a special healing plant on their journey that, if eaten, puts them back to full hit points.",
								"In the case of an untimely death, you can have a helpful NPC (like Mr. Honeycutt) save the day and revive them, or you can have them forego death saving throws and wake up as they're being dragged someplace unpleasant."
							],
							"id": "003"
						}
					],
					"id": "002"
				},
				{
					"type": "entries",
					"name": "Adventure Outline",
					"page": 3,
					"entries": [
						"Here is a quick overview of the adventure:",
						{
							"type": "list",
							"items": [
								"Green the Bard is approached by Mr. Honeycutt who asks if he will help him find the Emerald Gem. Mr. Honeycutt has tracked the gem to the local circus. He asks Green to infiltrate the circus and retrieve the gem.",
								"After looking around and investigating all the characters in the circus, Green discovers that {@creature Magnifico|NRH-CoI} the Magician has the Emerald Gem, which he's hidden in a magic mirror.",
								"Green must somehow get the gem from the magician and escape."
							]
						}
					],
					"id": "004"
				},
				{
					"type": "entries",
					"name": "Beginning Play",
					"page": 3,
					"entries": [
						"Hand the character sheet (see \"Green the Bard,\" below) to your player and let them familiarize themselves with Green.",
						"All creatures or NPCs that are bolded have stat blocks, which are included at the end of the adventure along with any magic items the characters can earn.",
						"Whenever you're both ready, you can start the session."
					],
					"id": "005"
				},
				{
					"type": "section",
					"name": "Harmony",
					"page": 3,
					"entries": [
						"The adventure begins in the vibrant and colorful city of Harmony where mysterious \"color outages\" are beginning to cause a bit of alarm. Being NERDS, the populace of Harmony has an optimistic outlook, and tries to carry on as best they can without being too worried, but the lack of color is concerning to even the most ebullient of NERDS.",
						"When your player is ready, read the following:",
						{
							"type": "insetReadaloud",
							"page": 3,
							"entries": [
								"The city of Harmony has many wonderful features, but it's especially known for one thing: its vibrant color.",
								"Recently, however, a strange phenomenon has shaken the citizens of Harmony. In the past few weeks, \"color outages\" have been reported throughout the city, turning its vibrant streets dull and gray, with very little clue as to what might be causing them. These outages are causing the citizens of Harmony distress and no one's sure what to do.",
								"This evening, you're relaxing in your favorite seat in the tavern when a fastidious-looking fellow wearing a suit and horn-rimmed glasses pulls up a chair next to you and looks around nervously before speaking."
							],
							"id": "007"
						},
						"The nervous man introduces himself as {@creature Mr. Honeycutt|NRH-TCMC} and says to Green that he needs their help in a matter of utmost importance. If Green is willing to hear Mr. Honeycutt out, he tells Green that he's the current Magister of the Lorekeeper Society\u2014an ancient and secret group dedicated to the defense of Harmony. He believes he knows how to solve the mystery of the color outages and to do this, he needs to recover the Emerald Gem. He believes this gemstone is in the possession of a thief who's somewhere in the Circus of Illusions, an entertainment mainstay of Harmony. Mr. Honeycutt says a bard of Green's talent and charm could easily infiltrate the circus as a performer. If Green is amenable, Mr. Honeycutt gives Green a {@item potion of healing} and whispers \"Watch out for the clowns.\" He awaits Green's return in the tavern."
					],
					"id": "006"
				},
				{
					"type": "section",
					"name": "Circus of Illusions",
					"page": 3,
					"entries": [
						"The Circus of Illusions has a massive big top tent in the heart of Harmony. The circus serves as an entertainment venue every weeknight and weekend, featuring magic acts, bard performances, illusory animals, trapeze artists, and more.",
						"In recent weeks, the magic sparkle of the circus has been less sparkly. Even the big top's red stripes appear faded.",
						{
							"type": "entries",
							"name": "Getting In",
							"page": 4,
							"entries": [
								"Green can choose to pay 1 sp and enter by the main gate or to sneak in. The circus is patrolled by tough-looking clowns wearing colorful costumes, big boots, and red noses. Although the clowns honk horns and act jolly, it's clear they could handle themselves in a fight.",
								"Should anyone try to break into the circus or cause trouble, they run afoul of a couple of these clowns. Avoiding the clowns requires a successful {@dc 12} Dexterity ({@skill Stealth}) check. On a failure, {@dice 1d4} {@creature clown|NRH-CoI|clowns} investigate, ready to pummel and eject any trespassers or ne'er-do-wells. If Green turns to run away, the clowns don't give chase, but shout taunts and honk horns at them.",
								"Charming the clowns takes real skill and can only be done with a successful {@dc 15} Charisma ({@skill Persuasion}) check."
							],
							"id": "009"
						},
						{
							"type": "entries",
							"name": "Encounters at the Circus",
							"page": 4,
							"entries": [
								"Green can meet many colorful characters at the circus. Here are a few of them:",
								{
									"type": "entries",
									"name": "Finster",
									"page": 4,
									"entries": [
										"Finster is the {@creature imp} {@creature Magnifico|NRH-CoI} made a deal with: two years' infernal service for the location of the Emerald Gem. Now the deal is complete, Finster is enjoying changing {@creature Magnifico|NRH-CoI}'s show to feature them more, so they can live out their dream of being a star.",
										"Finster spends most of their time in {@creature Magnifico|NRH-CoI}'s tent, in rat form, primping their whiskers and waiting for their nightly show just before midnight. Rarely do they show their true form. Finster is a total narcissist and dreams of one day having {@creature Magnifico|NRH-CoI} as their assistant in their own magic show.",
										"If Finster feels they can use the Emerald Gem to advance their career or make another deal, they do. Finster has no loyalty to {@creature Magnifico|NRH-CoI}, other than using him for their own gain. If attacked, Finster shrieks to alert any nearby clowns and turns {@condition invisible}.",
										{
											"type": "entries",
											"name": "Impish Deals",
											"page": 4,
											"entries": [
												"Finster always has their mind on business and is open to making a deal with Green. Any deal Green makes with Finster is binding until the terms of the deal are fulfilled. If Green breaks the terms, their soul is forfeit.",
												"Finster can offer Green the following, but they drive a hard bargain and require something they consider of equal (or greater) value:",
												{
													"type": "list",
													"items": [
														"The location of the Emerald Gem.",
														"Up to 500 gp worth of art objects, coins, or gems.",
														"An uncommon magic item.",
														"Finster's loyal service for a period not exceeding nine years."
													]
												}
											],
											"id": "00c"
										}
									],
									"id": "00b"
								},
								{
									"type": "entries",
									"name": "Magnifico",
									"page": 4,
									"entries": [
										"{@creature Magnifico|NRH-CoI} is a magician of some skill, but instead of honing his craft further, he craved the escape of easy money and fell into the diabolic clutches of Finster, an opportunistic imp. Finster answered {@creature Magnifico|NRH-CoI}'s pleas for gold and fame and offered him a deal: two years' service for the location of the Emerald Gem.",
										"{@creature Magnifico|NRH-CoI} heard of the Emerald Gem through some shady characters he knows. They told him that a Mr. Greystone was willing to pay handsomely for it and {@creature Magnifico|NRH-CoI} saw this as his ticket out of the small-change circus life. With Finster's help, {@creature Magnifico|NRH-CoI} found the gem and is now haggling a price with Mr. Greystone to make it worth his two years' infernal servitude.",
										"{@creature Magnifico|NRH-CoI} isn't a spellcaster, his magic tricks are sleight of hand illusions. If attacked, he cowers and pleads for his life."
									],
									"id": "00d"
								},
								{
									"type": "entries",
									"name": "Mimes",
									"page": 4,
									"entries": [
										"Wandering the circus grounds are mimes ({@creature commoner||commoners}) who do all kinds of silent performances such as walking downstairs, opening doors, pulling on ropes, and moving around {@condition invisible} objects.",
										"At any time, you can have a mime approach Green and pantomime one of the following clues:",
										{
											"type": "list",
											"items": [
												"The magician's rat changes into an imp.",
												"The magician is in trouble.",
												"The mime saw {@creature Magnifico|NRH-CoI} holding a magical green gem in his tent.",
												"{@creature Magnifico|NRH-CoI} hid the gem in a magic mirror."
											]
										},
										"You can act out the mime's silent message and have your player guess what the mime is saying. The mime remains stone-faced throughout unless they need to make an exaggerated expression of sadness or another emotion. If you player gets frustrated trying to guess, have the mime shrug, mime sad tears running down their face, and walk away dejectedly.",
										"The mimes never speak, even if compelled by magic. Only a wish spell can break their silence.",
										"Should Green attack a mime, they instantly flee or cower and mime yelling for help."
									],
									"id": "00e"
								},
								{
									"type": "entries",
									"name": "Rubina the Ringmaster",
									"page": 5,
									"entries": [
										"Rubina (a {@creature noble}) is the Circus of Illusions' eccentric and charismatic ringmaster. She's a good-natured bundle of nervous energy and makes sure the circus runs without a hitch, organizing all the entertainment for each day.",
										{
											"type": "entries",
											"name": "What Rubina Knows",
											"page": 5,
											"entries": [
												"As of late, Rubina has grown concerned about her best magician, {@creature Magnifico|NRH-CoI}. Rubina thinks it's probably just the color outages, which have everyone concerned, but she's heard him arguing with someone in his tent at night.",
												"Rubina doesn't like {@creature Magnifico|NRH-CoI}'s pet rat, Finster, who {@creature Magnifico|NRH-CoI} is now featuring in his magic act. She thinks it's a horrid beast and she doesn't like its little smirk and beady eyes.",
												"She doesn't know anything about an emerald, but {@creature Magnifico|NRH-CoI} did say he was going to be rich and that he'd be leaving the circus in a year."
											],
											"id": "010"
										},
										{
											"type": "entries",
											"name": "Join the Circus",
											"page": 5,
											"entries": [
												"At any time, have Rubina approach Green and say the following:",
												{
													"type": "insetReadaloud",
													"page": 5,
													"entries": [
														"You! Bard! You are the answer to my desperate prayers to the gods of entertainment! Come with me!"
													],
													"id": "012"
												},
												"If Green goes along with the excited ringmaster, Rubina takes Green to the backstage area in the main tent (see area C2, below).",
												"Rubina tells Green that Filippo Fleetfingers, her best musical act, suddenly canceled on account of melancholy over the color outages, and now Green must take his place and entertain the crowd gathered in the big tent. She offers Green up to 10 gp to do a show.",
												"If Green declines, Rubina is beside herself with anxiety and doesn't know how she'll appease the growing ire of the crowd.",
												"If Green accepts, Rubina claps her hands with delight. She asks Green what their stage name is. If your player has a stage name for Green, have Rubina give a big introduction to the crowd using the stage name. If your player can't think of anything, Rubina says not to worry and rushes out on stage to announce the following:",
												{
													"type": "insetReadaloud",
													"page": 5,
													"entries": [
														"And now good people of Harmony! We have a special treat for you tonight. We've searched near and far for this next act, the greatest entertainer in all Harmony, the Verdant Virtuoso, GREEN!"
													],
													"id": "013"
												},
												"Rubina then ushers Green out on stage.",
												"You player can act out the show or you can have them roll to see how Green does. Have the player choose from the following:",
												{
													"type": "list",
													"style": "list-hang-notitle",
													"items": [
														{
															"type": "item",
															"name": "Play It Safe",
															"entries": [
																"Green plays it safe and gives a solid, but uninspired, performance. If your player does some inspired roleplaying, give them advantage on the check. Green must make a {@dc 12} Charisma ({@skill Performance}) check. On a failure, there are some frowning faces and maybe a couple of yawns. Clearly, they weren't expecting much. On a success, the crowd claps politely and then quickly forgets the performance as they wait for the next show."
															]
														},
														{
															"type": "item",
															"name": "Go for It!",
															"entries": [
																"Green attempts the performance of a lifetime with a {@dc 15} Charisma ({@skill Performance}) check. If your player does some inspired roleplaying, they have advantage on the check, or you could even allow them to succeed outright. On a failure, there are audible groans from the crowd and Rubina manages to crack a supportive smile, but looks crestfallen. On a success, minds are blown, the crowd goes wild, and there are calls for encores. After the show, signatures are demanded. From now on, Green is a celebrity in the city of Harmony. At the end of all the hubbub, Rubina approaches Green with tears in her eyes and gives Green a doss lute. There's an audible gasp from the crowd. \"It was sublime. A gift that has lifted my spirits forever,\" Rubina says."
															]
														}
													]
												}
											],
											"id": "011"
										}
									],
									"id": "00f"
								}
							],
							"id": "00a"
						},
						{
							"type": "entries",
							"name": "Exploring the Circus",
							"page": 5,
							"entries": [
								"The following locations are keyed to the Circus of Illusions map:",
								{
									"type": "image",
									"href": {
										"type": "internal",
										"path": "adventure/NRH-CoI/008.webp"
									},
									"width": 1960,
									"height": 1470,
									"mapRegions": [
										{
											"area": "01c",
											"points": [
												[
													359,
													727
												],
												[
													387,
													630
												],
												[
													480,
													606
												],
												[
													547,
													677
												],
												[
													521,
													769
												],
												[
													429,
													796
												]
											]
										},
										{
											"area": "016",
											"points": [
												[
													726,
													737
												],
												[
													734,
													686
												],
												[
													756,
													623
												],
												[
													781,
													579
												],
												[
													820,
													540
												],
												[
													860,
													517
												],
												[
													913,
													496
												],
												[
													967,
													484
												],
												[
													1019,
													489
												],
												[
													1066,
													500
												],
												[
													1107,
													521
												],
												[
													1151,
													554
												],
												[
													1183,
													594
												],
												[
													1203,
													633
												],
												[
													1221,
													683
												],
												[
													1233,
													746
												],
												[
													1217,
													811
												],
												[
													1193,
													864
												],
												[
													1156,
													911
												],
												[
													1117,
													947
												],
												[
													1050,
													977
												],
												[
													987,
													984
												],
												[
													910,
													973
												],
												[
													850,
													947
												],
												[
													806,
													916
												],
												[
													763,
													867
												],
												[
													741,
													809
												]
											]
										},
										{
											"area": "01e",
											"points": [
												[
													481,
													401
												],
												[
													523,
													314
												],
												[
													611,
													331
												],
												[
													626,
													419
												],
												[
													546,
													463
												]
											]
										},
										{
											"area": "01f",
											"points": [
												[
													864,
													259
												],
												[
													879,
													210
												],
												[
													921,
													200
												],
												[
													956,
													231
												],
												[
													940,
													279
												],
												[
													896,
													289
												]
											]
										},
										{
											"area": "017",
											"points": [
												[
													1333,
													316
												],
												[
													1333,
													450
												],
												[
													1471,
													450
												],
												[
													1471,
													316
												]
											]
										},
										{
											"area": "01f",
											"points": [
												[
													1491,
													799
												],
												[
													1530,
													760
												],
												[
													1581,
													784
												],
												[
													1573,
													840
												],
												[
													1521,
													847
												]
											]
										},
										{
											"area": "015",
											"points": [
												[
													1819,
													880
												],
												[
													1920,
													911
												],
												[
													1887,
													1011
												],
												[
													1790,
													979
												]
											]
										},
										{
											"area": "01e",
											"points": [
												[
													664,
													1190
												],
												[
													700,
													1090
												],
												[
													797,
													1121
												],
												[
													767,
													1220
												]
											]
										},
										{
											"area": "01f",
											"points": [
												[
													1144,
													1146
												],
												[
													1183,
													1114
												],
												[
													1230,
													1131
												],
												[
													1224,
													1186
												],
												[
													1170,
													1196
												]
											]
										},
										{
											"area": "01f",
											"points": [
												[
													1386,
													1200
												],
												[
													1354,
													1166
												],
												[
													1364,
													1124
												],
												[
													1411,
													1110
												],
												[
													1446,
													1140
												],
												[
													1436,
													1190
												]
											]
										}
									],
									"imageType": "map",
									"grid": {
										"type": "square",
										"size": 70,
										"distance": 10
									},
									"hrefThumbnail": {
										"type": "internal",
										"path": "adventure/NRH-CoI/thumbnail/008.webp"
									},
									"id": "023",
									"credit": "Red Central"
								},
								{
									"type": "entries",
									"name": "C1. Ticket Booth",
									"page": 5,
									"entries": [
										"Beside the main gate is a kiosk where Woody, a magically animated wooden puppet, takes the 1 sp entrance fee, stamps circus-goers' hands with a happy face stamp, and wishes everyone a good time.",
										"Woody's circular face is painted with a big smile, but if anyone tries to get past without paying or causes trouble, the face turns upside down, becoming a big frown and Woody starts calling for clowns to boot the offender. Woody can't fight and, if attacked, is easily reduced to a pile of sticks."
									],
									"id": "015"
								},
								{
									"type": "entries",
									"name": "C2. Main Tent",
									"page": 6,
									"entries": [
										"Inside this large red tent is a raised wooden stage complete with curtains and a backstage area where actors and other performers can change and prepare for their shows. Benches surround the front of the stage, and behind them are hay bales for audience members to sit on while they enjoy the shows.",
										"At any given time, the stage hosts performances from sword-swallowers, fire-eaters, jugglers, acrobats, musicians, storytellers, and of course, {@creature Magnifico|NRH-CoI}'s magic act."
									],
									"id": "016"
								},
								{
									"type": "entries",
									"name": "C3. Magnifico's Tent",
									"page": 6,
									"entries": [
										"Outside this tent, a wooden sign reads \"{@creature Magnifico|NRH-CoI} the Great\" in florid, painted letters. Two unshaven {@creature clown|NRH-CoI|clowns} stand either side of the entrance, one picking his teeth with a broken chicken bone. The clowns stop anyone trying to enter the tent and aren't hesitant to escalate to blows.",
										{
											"type": "entries",
											"name": "Sneaking In",
											"page": 6,
											"entries": [
												"If Green wishes to enter stealthily, they must make a successful {@dc 12} Dexterity ({@skill Stealth}) check or alert the clowns or Finster (an {@creature imp}), who's inside the tent in rat form."
											],
											"id": "018"
										},
										{
											"type": "entries",
											"name": "Inside the Tent",
											"page": 6,
											"entries": [
												"Inside the tent is a small table with two chairs, surrounded by the tools of {@creature Magnifico|NRH-CoI}'s trade: a top hat, silken handkerchiefs, a cabinet with a false back, a deck of playing cards, a crystal ball, a large mirror in an ornate frame, and a white dove in a cage. If Finster is alive, they're also in the tent in rat form. If Green successfully sneaked in, they surprise Finster, who pretends to be a simple magician's rat, but carefully observes what Green does. You can also throw a wrench in Finster's plans by having Green surprise them while in imp form.",
												"If Finster heard Green coming, they hide and observe Green from the shadows. Spotting Finster while they're hidden requires a successful {@dc 15} Wisdom ({@skill Perception}) check.",
												"If Green appears to be searching for the Emerald Gem, Finster makes themselves known and offers to reveal its location\u2014for a price (see \"Impish Deals,\" above)."
											],
											"id": "019"
										},
										{
											"type": "entries",
											"name": "The Emerald Gem",
											"page": 6,
											"entries": [
												"{@creature Magnifico|NRH-CoI} has hidden the Emerald Gem inside the magic mirror in the ornate frame. The mirror is actually a portal to a small 5-footsquare demiplane where the Emerald Gem is kept inside a locked box. If the mirror is touched, its surface ripples like water. Green can step through the mirror's surface into the demiplane where the locked box is. Inside the demiplane, it's totally dark."
											],
											"id": "01a"
										},
										{
											"type": "entries",
											"name": "Locked Box",
											"page": 6,
											"entries": [
												"This simple ebony box with a magic lock contains the Emerald Gem. The box has AC 12, 10 hit points, a damage threshold of 5, and immunity to poison and psychic damage. (The box's damage threshold means has immunity to all damage unless it takes 5 or more damage, in which case it takes damage as normal. Dealing the box 4 damage or less is considered superficial damage and doesn't reduce the box's hit points.)",
												"The box's lock can be picked with a successful {@dc 14} Dexterity ({@skill Sleight of Hand}) check."
											],
											"id": "01b"
										}
									],
									"id": "017"
								},
								{
									"type": "entries",
									"name": "C4. Rubina's Tent",
									"page": 6,
									"entries": [
										"If Rubina (a {@creature noble}) is here, she's looking over the upcoming schedule of events for tonight and the next couple of days. There's a desk, two wooden chairs, a small table, and a sofa. So long as they're nice to her, Rubina treats anyone who enters her tent the way a kindly schoolmarm would."
									],
									"id": "01c"
								},
								{
									"type": "entries",
									"name": "C5. Filippo Fleetfinger's Tent",
									"page": 6,
									"entries": [
										"Inside this tent is the morose bard, Filippo (a {@creature noble}). Filippo knows nothing about the Emerald Gem, but he's sad about the color outages and is writing deeply emotional poems about them.",
										"He's noticed that {@creature Magnifico|NRH-CoI} seems odd lately and he's a bit revolted that {@creature Magnifico|NRH-CoI}'s once tasteful show now seems dedicated to his awful rat.",
										"Filippo's tent is filled with instruments and littered with pages of his heartfelt poetry."
									],
									"id": "01d"
								},
								{
									"type": "entries",
									"name": "C6. Imelda the Strongwoman's Tent",
									"page": 6,
									"entries": [
										"If {@creature Imelda|NRH-CoI} is here, she's sipping tea and munching on cakes in between shows. She loves to chat and is always ready to provide a good workout routine to anyone who's interested. {@creature Imelda|NRH-CoI} knows nothing about the Emerald Gem, but she's fiercely loyal to the circus and Rubina, and will do anything to protect them. Her tent is filled with barbells, iron bars, and trophies from all her past feats of strength."
									],
									"id": "01e"
								},
								{
									"type": "entries",
									"name": "C7. Vendors",
									"page": 7,
									"entries": [
										"These tents are for vendors of tasty treats like kettle corn, caramel apples, and toad-in-the-holes. You can also put in a strength test game where you hit the lever with a hammer to ring the bell. Green must make a successful {@dc 14} Strength ({@skill Athletics}) check to ring the bell and win a prize (a stuffed monster of the player's choice)."
									],
									"id": "01f"
								}
							],
							"id": "014"
						},
						{
							"type": "entries",
							"name": "Getting the Gem",
							"page": 7,
							"entries": [
								"Once the mimes and Rubina point Green in the direction of {@creature Magnifico|NRH-CoI}, there are many ways for Green to get the gem. Here are a few ideas:",
								{
									"type": "list",
									"items": [
										"Have Green discover the exact whereabouts of the gem by spying on {@creature Magnifico|NRH-CoI}, who obsessively checks on the gem to make sure his nest egg is safe.",
										"Have Finster give up the location of the gem for a price.",
										"Stage an attack by a couple of {@creature clown|NRH-CoI|clowns} who were hired by Mr. Greystone to steal the gem from {@creature Magnifico|NRH-CoI}'s tent. If {@creature Magnifico|NRH-CoI} hears of this, he might come to Green in desperation. Green can enlist the help of {@creature Imelda|NRH-CoI} to tip the odds in their favor if it comes to a fight.",
										"Have Green try to get the gem during one of {@creature Magnifico|NRH-CoI}'s magic acts when he has the magic mirror on stage, resulting in a grand spectacle for the audience."
									]
								},
								"By the end of it all, Green should get the Emerald Gem and the {@item Instrument of the Bards, Doss Lute||doss lute} (if Rubina didn't already give it to them) as thanks for Green's heroics in such a dull and dreary time."
							],
							"id": "020"
						},
						{
							"type": "entries",
							"name": "Completing the Mission",
							"page": 7,
							"entries": [
								"If all goes well, Green meets with Mr. Honeycutt and returns the Emerald Gem to him. You can have Mr. Honeycutt meet Green in a same tavern as at the start of the adventure or in a library within Harmony.",
								"Mr. Honeycutt is overjoyed at the return of the Emerald Gem and wants to know everything about the adventure, scribbling copious notes in his black notebook as he listens.",
								"For their bravery and dedication to the well-being of Harmony, he gives Green a pouch of 20 gp and invites them to join the Lorekeeper Society."
							],
							"id": "021"
						}
					],
					"id": "008"
				},
				{
					"type": "section",
					"name": "Magic Items",
					"page": 7,
					"entries": [
						"The following magic items appear in this adventure.",
						{
							"type": "list",
							"items": [
								"{@item Instrument of the Bards, Doss Lute}"
							]
						}
					],
					"id": "022"
				},
				{
					"type": "image",
					"href": {
						"type": "internal",
						"path": "adventure/NRH-CoI/sheet007.webp"
					},
					"width": 1275,
					"height": 825
				},
				{
					"type": "image",
					"href": {
						"type": "internal",
						"path": "adventure/NRH-CoI/sheet008.webp"
					},
					"width": 1275,
					"height": 825
				}
			],
			"id": "000"
		},
		{
			"type": "section",
			"name": "Credits",
			"entries": [
				{
					"type": "entries",
					"entries": [
						{
							"type": "list",
							"style": "list-hang-notitle",
							"columns": 2,
							"items": [
								{
									"type": "entries",
									"name": "Dungeons & Dragons Team:",
									"entries": [
										{
											"type": "list",
											"style": "list-hang-notitle",
											"items": [
												{
													"type": "item",
													"name": "Adventure Design",
													"entries": [
														"Kat Kruger, Adam Lee"
													]
												},
												{
													"type": "item",
													"name": "Additional Development",
													"entries": [
														"Bill Benham"
													]
												},
												{
													"type": "item",
													"name": "Character Design",
													"entries": [
														"Chris Tulach"
													]
												},
												{
													"type": "item",
													"name": "Graphic Design",
													"entries": [
														"Emma Ekblad"
													]
												},
												{
													"type": "item",
													"name": "Editors",
													"entries": [
														"Ashley Michaela Lawson, Hannah Rose"
													]
												},
												{
													"type": "item",
													"name": "Creator Manager",
													"entries": [
														"Pelham Greene"
													]
												},
												{
													"type": "item",
													"name": "Illustrations",
													"entries": [
														"Red Central"
													]
												},
												{
													"type": "item",
													"name": "Producer",
													"entries": [
														"Bill Benham"
													]
												},
												{
													"type": "item",
													"name": "Brand Manager",
													"entries": [
														"Shelly Mazzanoble"
													]
												},
												{
													"type": "item",
													"name": "Director of Category Licensing",
													"entries": [
														"Ann Earp"
													]
												}
											]
										}
									],
									"id": "026"
								},
								{
									"type": "entries",
									"name": "Ferrara Team:",
									"entries": [
										{
											"type": "list",
											"style": "list-hang-notitle",
											"items": [
												{
													"type": "item",
													"name": "Sr. Associate Brand Manager, NERDS:",
													"entries": [
														"Lukas Krause"
													]
												},
												{
													"type": "item",
													"name": "Content Manager, NERDS:",
													"entries": [
														"Annie Belgrade"
													]
												},
												{
													"type": "item",
													"name": "Brand Manager, NERDS:",
													"entries": [
														"Joey Rath"
													]
												},
												{
													"type": "item",
													"name": "Director of Licensing & Partnerships, Ferrara Candy Co.",
													"entries": [
														"Amy Pagels"
													]
												}
											]
										}
									],
									"id": "027"
								},
								{
									"type": "entries",
									"name": "Tripleclix Team:",
									"entries": [
										{
											"type": "list",
											"style": "list-hang-notitle",
											"items": [
												{
													"type": "item",
													"name": "Managing Partner",
													"entries": [
														"Jennifer Erb"
													]
												},
												{
													"type": "item",
													"name": "Founder, Managing Partner",
													"entries": [
														"Christopher Erb"
													]
												},
												{
													"type": "item",
													"name": "VP, Head of Partnership Marketing",
													"entries": [
														"Kenneth Lindenbaum"
													]
												},
												{
													"type": "item",
													"name": "Additional Support",
													"entries": [
														"VMLY&R Commerce, Taxi, Pep, and Golin"
													]
												}
											]
										}
									],
									"id": "028"
								}
							]
						}
					],
					"id": "025"
				}
			],
			"id": "024"
		}
	]
}
