{
	"MM": {
		"Drow": [
			{
				"path": "img/bestiary/token-subjects/MM/Drow.webp"
			}
		],
		"Xorn": [
			{
				"path": "img/bestiary/token-subjects/MM/Xorn.webp"
			}
		],
		"Hobgoblin": [
			{
				"path": "img/bestiary/token-subjects/MM/Hobgoblin.webp"
			}
		],
		"Violet Fungus": [
			{
				"path": "img/bestiary/token-subjects/MM/Violet Fungus.webp"
			}
		],
		"Young Green Dragon": [
			{
				"path": "img/bestiary/token-subjects/MM/Young Green Dragon.webp",
				"scaleCorrection": 2,
				"scale": 2
			}
		],
		"Gibbering Mouther": [
			{
				"path": "img/bestiary/token-subjects/MM/Gibbering Mouther.webp"
			}
		],
		"Spirit Naga": [
			{
				"path": "img/bestiary/token-subjects/MM/Spirit Naga.webp"
			}
		],
		"Dust Mephit": [
			{
				"path": "img/bestiary/token-subjects/MM/Dust Mephit.webp"
			}
		],
		"Draft Horse": [
			{
				"path": "img/bestiary/token-subjects/MM/Draft Horse.webp"
			}
		],
		"Wraith": [
			{
				"path": "img/bestiary/token-subjects/MM/Wraith.webp"
			}
		],
		"Dire Wolf": [
			{
				"path": "img/bestiary/token-subjects/MM/Dire Wolf.webp"
			}
		],
		"Grimlock": [
			{
				"path": "img/bestiary/token-subjects/MM/Grimlock.webp"
			}
		],
		"Druid": [
			{
				"path": "img/bestiary/token-subjects/MM/Druid.webp"
			}
		],
		"Hydra": [
			{
				"path": "img/bestiary/token-subjects/MM/Hydra.webp",
				"scaleCorrection": 2,
				"scale": 2
			}
		],
		"Chain Devil": [
			{
				"path": "img/bestiary/token-subjects/MM/Chain Devil.webp"
			}
		],
		"Zombie": [
			{
				"path": "img/bestiary/token-subjects/MM/Zombie.webp"
			}
		],
		"Giant Constrictor Snake": [
			{
				"path": "img/bestiary/token-subjects/MM/Giant Constrictor Snake.webp"
			}
		],
		"Ghoul": [
			{
				"path": "img/bestiary/token-subjects/MM/Ghoul.webp"
			}
		],
		"Chuul": [
			{
				"path": "img/bestiary/token-subjects/MM/Chuul.webp",
				"scaleCorrection": 2,
				"scale": 2
			}
		],
		"Purple Worm": [
			{
				"path": "img/bestiary/token-subjects/MM/Purple Worm.webp"
			}
		],
		"Specter": [
			{
				"path": "img/bestiary/token-subjects/MM/Specter.webp"
			}
		],
		"Bugbear": [
			{
				"path": "img/bestiary/token-subjects/MM/Bugbear.webp"
			},
			{
				"path": "img/bestiary/token-subjects/MM/Bugbear (Variant 1).webp"
			}
		],
		"Ogre Zombie": [
			{
				"path": "img/bestiary/token-subjects/MM/Ogre Zombie.webp",
				"scaleCorrection": 2,
				"scale": 2
			}
		],
		"Commoner": [
			{
				"path": "img/bestiary/token-subjects/MM/Commoner.webp"
			},
			{
				"path": "img/bestiary/token-subjects/MM/Commoner (Variant 1).webp"
			},
			{
				"path": "img/bestiary/token-subjects/MM/Commoner (Variant 2).webp"
			}
		],
		"Shrieker": [
			{
				"path": "img/bestiary/token-subjects/MM/Shrieker.webp",
				"scale": 0.8
			}
		],
		"Goblin": [
			{
				"path": "img/bestiary/token-subjects/MM/Goblin.webp"
			},
			{
				"path": "img/bestiary/token-subjects/MM/Goblin (Variant 1).webp"
			}
		],
		"Clay Golem": [
			{
				"path": "img/bestiary/token-subjects/MM/Clay Golem.webp"
			}
		],
		"Homunculus": [
			{
				"path": "img/bestiary/token-subjects/MM/Homunculus.webp",
				"scale": 0.8
			}
		],
		"Giant Poisonous Snake": [
			{
				"path": "img/bestiary/token-subjects/MM/Giant Poisonous Snake.webp"
			}
		],
		"Quasit": [
			{
				"path": "img/bestiary/token-subjects/MM/Quasit.webp"
			}
		],
		"Giant Badger": [
			{
				"path": "img/bestiary/token-subjects/MM/Giant Badger.webp",
				"scale": 1.1
			}
		],
		"Ogre": [
			{
				"path": "img/bestiary/token-subjects/MM/Ogre.webp"
			}
		],
		"Animated Armor": [
			{
				"path": "img/bestiary/token-subjects/MM/Animated Armor.webp"
			}
		],
		"Shambling Mound": [
			{
				"path": "img/bestiary/token-subjects/MM/Shambling Mound.webp"
			}
		],
		"Stirge": [
			{
				"path": "img/bestiary/token-subjects/MM/Stirge.webp",
				"scale": 0.9
			}
		],
		"Basilisk": [
			{
				"path": "img/bestiary/token-subjects/MM/Basilisk.webp"
			}
		],
		"Otyugh": [
			{
				"path": "img/bestiary/token-subjects/MM/Otyugh.webp"
			}
		],
		"Phase Spider": [
			{
				"path": "img/bestiary/token-subjects/MM/Phase Spider.webp",
				"scaleCorrection": 2,
				"scale": 2
			}
		],
		"Mage": [
			{
				"path": "img/bestiary/token-subjects/MM/Mage.webp"
			}
		],
		"Doppelganger": [
			{
				"path": "img/bestiary/token-subjects/MM/Doppelganger.webp"
			}
		],
		"Bandit": [
			{
				"path": "img/bestiary/token-subjects/MM/Bandit.webp"
			}
		],
		"Skeleton": [
			{
				"path": "img/bestiary/token-subjects/MM/Skeleton.webp"
			},
			{
				"path": "img/bestiary/token-subjects/MM/Skeleton (Variant 1).webp"
			},
			{
				"path": "img/bestiary/token-subjects/MM/Skeleton (Variant 2).webp"
			}
		],
		"Water Elemental": [
			{
				"path": "img/bestiary/token-subjects/MM/Water Elemental.webp"
			}
		],
		"Invisible Stalker": [
			{
				"path": "img/bestiary/token-subjects/MM/Invisible Stalker.webp"
			}
		],
		"Giant Octopus": [
			{
				"path": "img/bestiary/token-subjects/MM/Giant Octopus.webp"
			}
		],
		"Arcanaloth": [
			{
				"path": "img/bestiary/token-subjects/MM/Arcanaloth.webp"
			}
		],
		"Banshee": [
			{
				"path": "img/bestiary/token-subjects/MM/Banshee.webp"
			}
		],
		"Barlgura": [
			{
				"path": "img/bestiary/token-subjects/MM/Barlgura.webp"
			}
		],
		"Beholder": [
			{
				"path": "img/bestiary/token-subjects/MM/Beholder.webp"
			}
		],
		"Blue Slaad": [
			{
				"path": "img/bestiary/token-subjects/MM/Blue Slaad.webp"
			}
		],
		"Orc": [
			{
				"path": "img/bestiary/token-subjects/MM/Orc.webp"
			}
		],
		"Drow Elite Warrior": [
			{
				"path": "img/bestiary/token-subjects/MM/Drow Elite Warrior.webp"
			},
			{
				"path": "img/bestiary/token-subjects/MM/Drow Elite Warrior (Variant 1).webp"
			}
		],
		"Flameskull": [
			{
				"path": "img/bestiary/token-subjects/MM/Flameskull.webp"
			}
		],
		"Flumph": [
			{
				"path": "img/bestiary/token-subjects/MM/Flumph.webp"
			}
		],
		"Fomorian": [
			{
				"path": "img/bestiary/token-subjects/MM/Fomorian.webp",
				"scaleCorrection": 2,
				"scale": 2
			}
		],
		"Galeb Duhr": [
			{
				"path": "img/bestiary/token-subjects/MM/Galeb Duhr.webp"
			}
		],
		"Githyanki Knight": [
			{
				"path": "img/bestiary/token-subjects/MM/Githyanki Knight.webp"
			}
		],
		"Githyanki Warrior": [
			{
				"path": "img/bestiary/token-subjects/MM/Githyanki Warrior.webp"
			}
		],
		"Goblin Boss": [
			{
				"path": "img/bestiary/token-subjects/MM/Goblin Boss.webp"
			}
		],
		"Gray Slaad": [
			{
				"path": "img/bestiary/token-subjects/MM/Gray Slaad.webp"
			}
		],
		"Green Slaad": [
			{
				"path": "img/bestiary/token-subjects/MM/Green Slaad.webp"
			}
		],
		"Grell": [
			{
				"path": "img/bestiary/token-subjects/MM/Grell.webp"
			}
		],
		"Grick Alpha": [
			{
				"path": "img/bestiary/token-subjects/MM/Grick Alpha.webp"
			}
		],
		"Archmage": [
			{
				"path": "img/bestiary/token-subjects/MM/Archmage.webp"
			}
		],
		"Helmed Horror": [
			{
				"path": "img/bestiary/token-subjects/MM/Helmed Horror.webp"
			}
		],
		"Hook Horror": [
			{
				"path": "img/bestiary/token-subjects/MM/Hook Horror.webp",
				"scaleCorrection": 2,
				"scale": 2
			}
		],
		"Intellect Devourer": [
			{
				"path": "img/bestiary/token-subjects/MM/Intellect Devourer.webp"
			}
		],
		"Kraken": [
			{
				"path": "img/bestiary/token-subjects/MM/Kraken.webp"
			}
		],
		"Mezzoloth": [
			{
				"path": "img/bestiary/token-subjects/MM/Mezzoloth.webp"
			}
		],
		"Mind Flayer": [
			{
				"path": "img/bestiary/token-subjects/MM/Mind Flayer.webp"
			}
		],
		"Needle Blight": [
			{
				"path": "img/bestiary/token-subjects/MM/Needle Blight.webp"
			}
		],
		"Nothic": [
			{
				"path": "img/bestiary/token-subjects/MM/Nothic.webp"
			}
		],
		"Nycaloth": [
			{
				"path": "img/bestiary/token-subjects/MM/Nycaloth.webp"
			}
		],
		"Quaggoth": [
			{
				"path": "img/bestiary/token-subjects/MM/Quaggoth.webp"
			}
		],
		"Quaggoth Thonot": [
			{
				"path": "img/bestiary/token-subjects/MM/Quaggoth Thonot.webp"
			}
		],
		"Red Slaad": [
			{
				"path": "img/bestiary/token-subjects/MM/Red Slaad.webp"
			}
		],
		"Remorhaz": [
			{
				"path": "img/bestiary/token-subjects/MM/Remorhaz.webp"
			}
		],
		"Duergar": [
			{
				"path": "img/bestiary/token-subjects/MM/Duergar.webp"
			}
		],
		"Slaad Tadpole": [
			{
				"path": "img/bestiary/token-subjects/MM/Slaad Tadpole.webp"
			}
		],
		"Spectator": [
			{
				"path": "img/bestiary/token-subjects/MM/Spectator.webp"
			}
		],
		"Troglodyte": [
			{
				"path": "img/bestiary/token-subjects/MM/Troglodyte.webp"
			}
		],
		"Twig Blight": [
			{
				"path": "img/bestiary/token-subjects/MM/Twig Blight.webp"
			},
			{
				"path": "img/bestiary/token-subjects/MM/Twig Blight (Variant 1).webp"
			}
		],
		"Umber Hulk": [
			{
				"path": "img/bestiary/token-subjects/MM/Umber Hulk.webp"
			}
		],
		"Water Weird": [
			{
				"path": "img/bestiary/token-subjects/MM/Water Weird.webp"
			}
		],
		"Yochlol": [
			{
				"path": "img/bestiary/token-subjects/MM/Yochlol.webp"
			}
		],
		"Roper": [
			{
				"path": "img/bestiary/token-subjects/MM/Roper.webp"
			}
		],
		"Cultist": [
			{
				"path": "img/bestiary/token-subjects/MM/Cultist.webp"
			}
		],
		"Ghost": [
			{
				"path": "img/bestiary/token-subjects/MM/Ghost.webp"
			}
		],
		"Wight": [
			{
				"path": "img/bestiary/token-subjects/MM/Wight.webp"
			}
		],
		"Earth Elemental": [
			{
				"path": "img/bestiary/token-subjects/MM/Earth Elemental.webp"
			}
		],
		"Aboleth": [
			{
				"path": "img/bestiary/token-subjects/MM/Aboleth.webp"
			}
		],
		"Mummy": [
			{
				"path": "img/bestiary/token-subjects/MM/Mummy.webp"
			}
		],
		"Grick": [
			{
				"path": "img/bestiary/token-subjects/MM/Grick.webp"
			}
		],
		"Cult Fanatic": [
			{
				"path": "img/bestiary/token-subjects/MM/Cult Fanatic.webp"
			}
		],
		"Giant Spider": [
			{
				"path": "img/bestiary/token-subjects/MM/Giant Spider.webp",
				"scaleCorrection": 2,
				"scale": 2
			}
		],
		"Behir": [
			{
				"path": "img/bestiary/token-subjects/MM/Behir.webp"
			}
		],
		"Ochre Jelly": [
			{
				"path": "img/bestiary/token-subjects/MM/Ochre Jelly.webp"
			}
		],
		"Goat": [
			{
				"path": "img/bestiary/token-subjects/MM/Goat.webp"
			}
		],
		"Wolf": [
			{
				"path": "img/bestiary/token-subjects/MM/Wolf.webp"
			}
		],
		"Shield Guardian": [
			{
				"path": "img/bestiary/token-subjects/MM/Shield Guardian.webp"
			}
		],
		"Owlbear": [
			{
				"path": "img/bestiary/token-subjects/MM/Owlbear.webp"
			},
			{
				"path": "img/bestiary/token-subjects/MM/Owlbear (Variant 1).webp"
			}
		],
		"Ice Devil": [
			{
				"path": "img/bestiary/token-subjects/MM/Ice Devil.webp",
				"scaleCorrection": 2,
				"scale": 2
			}
		],
		"Lizardfolk": [
			{
				"path": "img/bestiary/token-subjects/MM/Lizardfolk.webp"
			}
		],
		"Vrock": [
			{
				"path": "img/bestiary/token-subjects/MM/Vrock.webp",
				"scaleCorrection": 2,
				"scale": 2
			}
		],
		"Fire Elemental": [
			{
				"path": "img/bestiary/token-subjects/MM/Fire Elemental.webp"
			}
		],
		"Swarm of Rats": [
			{
				"path": "img/bestiary/token-subjects/MM/Swarm of Rats.webp"
			}
		],
		"Vampire": [
			{
				"path": "img/bestiary/token-subjects/MM/Vampire.webp"
			}
		],
		"Flying Sword": [
			{
				"path": "img/bestiary/token-subjects/MM/Flying Sword.webp"
			}
		],
		"Unicorn": [
			{
				"path": "img/bestiary/token-subjects/MM/Unicorn.webp"
			}
		],
		"Tarrasque": [
			{
				"path": "img/bestiary/token-subjects/MM/Tarrasque.webp",
				"scaleCorrection": 2,
				"scale": 2
			}
		],
		"Oni": [
			{
				"path": "img/bestiary/token-subjects/MM/Oni.webp"
			}
		],
		"Treant": [
			{
				"path": "img/bestiary/token-subjects/MM/Treant.webp",
				"scaleCorrection": 2,
				"scale": 2
			}
		],
		"Priest": [
			{
				"path": "img/bestiary/token-subjects/MM/Priest.webp"
			}
		],
		"Pit Fiend": [
			{
				"path": "img/bestiary/token-subjects/MM/Pit Fiend.webp",
				"scaleCorrection": 2,
				"scale": 2
			}
		],
		"Ancient Blue Dragon": [
			{
				"path": "img/bestiary/token-subjects/MM/Ancient Blue Dragon.webp",
				"scaleCorrection": 2,
				"scale": 2
			}
		],
		"Giant Bat": [
			{
				"path": "img/bestiary/token-subjects/MM/Giant Bat.webp"
			}
		],
		"Mummy Lord": [
			{
				"path": "img/bestiary/token-subjects/MM/Mummy Lord.webp"
			}
		],
		"Succubus": [
			{
				"path": "img/bestiary/token-subjects/MM/Succubus.webp"
			}
		],
		"Air Elemental": [
			{
				"path": "img/bestiary/token-subjects/MM/Air Elemental.webp"
			}
		],
		"Imp": [
			{
				"path": "img/bestiary/token-subjects/MM/Imp.webp",
				"scaleCorrection": 2,
				"scale": 2
			}
		],
		"Marilith": [
			{
				"path": "img/bestiary/token-subjects/MM/Marilith.webp",
				"scaleCorrection": 2,
				"scale": 2
			}
		],
		"Swarm of Ravens": [
			{
				"path": "img/bestiary/token-subjects/MM/Swarm of Ravens.webp"
			}
		],
		"Cat": [
			{
				"path": "img/bestiary/token-subjects/MM/Cat.webp",
				"scaleCorrection": 1,
				"scale": 0.7
			}
		],
		"Blink Dog": [
			{
				"path": "img/bestiary/token-subjects/MM/Blink Dog.webp"
			}
		],
		"Giant Frog": [
			{
				"path": "img/bestiary/token-subjects/MM/Giant Frog.webp"
			}
		],
		"Rakshasa": [
			{
				"path": "img/bestiary/token-subjects/MM/Rakshasa.webp"
			}
		],
		"Barbed Devil": [
			{
				"path": "img/bestiary/token-subjects/MM/Barbed Devil.webp"
			}
		],
		"Green Hag": [
			{
				"path": "img/bestiary/token-subjects/MM/Green Hag.webp"
			}
		],
		"Death Slaad": [
			{
				"path": "img/bestiary/token-subjects/MM/Death Slaad.webp"
			}
		],
		"Planetar": [
			{
				"path": "img/bestiary/token-subjects/MM/Planetar.webp"
			}
		],
		"Dao": [
			{
				"path": "img/bestiary/token-subjects/MM/Dao.webp"
			}
		],
		"Death Knight": [
			{
				"path": "img/bestiary/token-subjects/MM/Death Knight.webp"
			}
		],
		"Deva": [
			{
				"path": "img/bestiary/token-subjects/MM/Deva.webp"
			}
		],
		"Incubus": [
			{
				"path": "img/bestiary/token-subjects/MM/Incubus.webp",
				"scaleCorrection": 2,
				"scale": 2
			}
		],
		"Marid": [
			{
				"path": "img/bestiary/token-subjects/MM/Marid.webp"
			}
		],
		"Iron Golem": [
			{
				"path": "img/bestiary/token-subjects/MM/Iron Golem.webp"
			}
		],
		"Satyr": [
			{
				"path": "img/bestiary/token-subjects/MM/Satyr.webp"
			}
		],
		"Stone Golem": [
			{
				"path": "img/bestiary/token-subjects/MM/Stone Golem.webp"
			}
		],
		"Swarm of Quippers": [
			{
				"path": "img/bestiary/token-subjects/MM/Swarm of Quippers.png"
			}
		],
		"Balor": [
			{
				"path": "img/bestiary/token-subjects/MM/Balor.webp",
				"scaleCorrection": 2,
				"scale": 2
			}
		],
		"Ancient Red Dragon": [
			{
				"path": "img/bestiary/token-subjects/MM/Ancient Red Dragon.webp",
				"scaleCorrection": 2,
				"scale": 2
			}
		],
		"Night Hag": [
			{
				"path": "img/bestiary/token-subjects/MM/Night Hag.webp"
			}
		],
		"Vampire Spawn": [
			{
				"path": "img/bestiary/token-subjects/MM/Vampire Spawn.webp"
			}
		]
	},
	"PaBTSO": {
		"Gwyn Oresong": [
			{
				"path": "img/bestiary/token-subjects/PaBTSO/Gwyn Oresong.webp"
			}
		],
		"Infected Townsperson": [
			{
				"path": "img/bestiary/token-subjects/PaBTSO/Infected Townsperson.webp"
			},
			{
				"path": "img/bestiary/token-subjects/PaBTSO/Infected Townsperson (Variant 1).webp"
			},
			{
				"path": "img/bestiary/token-subjects/PaBTSO/Infected Townsperson (Variant 2).webp"
			},
			{
				"path": "img/bestiary/token-subjects/PaBTSO/Infected Townsperson (Variant 3).webp"
			}
		],
		"Aberrant Zealot": [
			{
				"path": "img/bestiary/token-subjects/PaBTSO/Aberrant Zealot.webp"
			}
		],
		"Ash Zombie": [
			{
				"path": "img/bestiary/token-subjects/PaBTSO/Ash Zombie.webp"
			}
		],
		"Brain Breaker": [
			{
				"path": "img/bestiary/token-subjects/PaBTSO/Brain Breaker.webp",
				"scaleCorrection": 2,
				"scale": 2
			}
		],
		"Chishinix": [
			{
				"path": "img/bestiary/token-subjects/PaBTSO/Chishinix.webp"
			}
		],
		"Mind Flayer Clairvoyant": [
			{
				"path": "img/bestiary/token-subjects/PaBTSO/Mind Flayer Clairvoyant.webp"
			}
		],
		"Cloaker Mutate": [
			{
				"path": "img/bestiary/token-subjects/PaBTSO/Cloaker Mutate.webp",
				"scaleCorrection": 2,
				"scale": 2
			}
		],
		"Dwarf Skeleton": [
			{
				"path": "img/bestiary/token-subjects/PaBTSO/Dwarf Skeleton.webp"
			}
		],
		"Infected Elder Brain": [
			{
				"path": "img/bestiary/token-subjects/PaBTSO/Infected Elder Brain.webp"
			}
		],
		"Encephalon Cluster": [
			{
				"path": "img/bestiary/token-subjects/PaBTSO/Encephalon Cluster.webp"
			}
		],
		"Feral Ashenwight": [
			{
				"path": "img/bestiary/token-subjects/PaBTSO/Feral Ashenwight.webp"
			}
		],
		"Fiendish Auger": [
			{
				"path": "img/bestiary/token-subjects/PaBTSO/Fiendish Auger.webp"
			}
		],
		"Flesh Meld": [
			{
				"path": "img/bestiary/token-subjects/PaBTSO/Flesh Meld.webp"
			}
		],
		"Encephalon Gemmule": [
			{
				"path": "img/bestiary/token-subjects/PaBTSO/Encephalon Gemmule.webp"
			}
		],
		"Goblin Psi Brawler": [
			{
				"path": "img/bestiary/token-subjects/PaBTSO/Goblin Psi Brawler.webp"
			},
			{
				"path": "img/bestiary/token-subjects/PaBTSO/Goblin Psi Brawler (Variant 1).webp"
			},
			{
				"path": "img/bestiary/token-subjects/PaBTSO/Goblin Psi Brawler (Variant 2).webp"
			}
		],
		"Goblin Psi Commander": [
			{
				"path": "img/bestiary/token-subjects/PaBTSO/Goblin Psi Commander.webp"
			}
		],
		"Grell Psychic": [
			{
				"path": "img/bestiary/token-subjects/PaBTSO/Grell Psychic.webp"
			}
		],
		"Gundren Rockseeker": [
			{
				"path": "img/bestiary/token-subjects/PaBTSO/Gundren Rockseeker.webp"
			}
		],
		"Hashutu": [
			{
				"path": "img/bestiary/token-subjects/PaBTSO/Hashutu.webp"
			}
		],
		"Hjoldak Hollowhelm": [
			{
				"path": "img/bestiary/token-subjects/PaBTSO/Hjoldak Hollowhelm.webp"
			}
		],
		"Honna": [
			{
				"path": "img/bestiary/token-subjects/PaBTSO/Honna.webp"
			}
		],
		"Humanoid Mutate": [
			{
				"path": "img/bestiary/token-subjects/PaBTSO/Humanoid Mutate.webp"
			}
		],
		"Iarno \"Glasstaff\" Albrek": [
			{
				"path": "img/bestiary/token-subjects/PaBTSO/Iarno Glasstaff Albrek.webp"
			}
		],
		"Refraction of Ilvaash": [
			{
				"path": "img/bestiary/token-subjects/PaBTSO/Refraction of Ilvaash.webp"
			}
		],
		"Intellect Snare": [
			{
				"path": "img/bestiary/token-subjects/PaBTSO/Intellect Snare.webp"
			}
		],
		"Mind Flayer Prophet": [
			{
				"path": "img/bestiary/token-subjects/PaBTSO/Mind Flayer Prophet.webp"
			}
		],
		"Mormesk the Wraith": [
			{
				"path": "img/bestiary/token-subjects/PaBTSO/Mormesk the Wraith.webp"
			}
		],
		"Nezznar the Spider": [
			{
				"path": "img/bestiary/token-subjects/PaBTSO/Nezznar the Spider.webp",
				"scaleCorrection": 2,
				"scale": 2
			}
		],
		"Mind Flayer Nothic": [
			{
				"path": "img/bestiary/token-subjects/PaBTSO/Mind Flayer Nothic.webp"
			}
		],
		"Oculorb": [
			{
				"path": "img/bestiary/token-subjects/PaBTSO/Oculorb.webp"
			}
		],
		"Ontharyx": [
			{
				"path": "img/bestiary/token-subjects/PaBTSO/Ontharyx.webp"
			}
		],
		"Oshundo the Alhoon": [
			{
				"path": "img/bestiary/token-subjects/PaBTSO/Oshundo the Alhoon.webp"
			}
		],
		"Otyugh Mutate": [
			{
				"path": "img/bestiary/token-subjects/PaBTSO/Otyugh Mutate.webp"
			}
		],
		"Psionic Ashenwight": [
			{
				"path": "img/bestiary/token-subjects/PaBTSO/Psionic Ashenwight.webp"
			}
		],
		"Qunbraxel": [
			{
				"path": "img/bestiary/token-subjects/PaBTSO/Qunbraxel.webp"
			}
		],
		"Redbrand Ruffian": [
			{
				"path": "img/bestiary/token-subjects/PaBTSO/Redbrand Ruffian.webp"
			},
			{
				"path": "img/bestiary/token-subjects/PaBTSO/Redbrand Ruffian (Variant 1).webp"
			}
		],
		"Rivibiddel": [
			{
				"path": "img/bestiary/token-subjects/PaBTSO/Rivibiddel.webp"
			}
		],
		"Ruxithid the Chosen": [
			{
				"path": "img/bestiary/token-subjects/PaBTSO/Ruxithid the Chosen.webp"
			}
		],
		"Chishinix' Head": [
			{
				"path": "img/bestiary/token-subjects/PaBTSO/Chishinix' Head.webp"
			}
		],
		"Shalfi Lewin": [
			{
				"path": "img/bestiary/token-subjects/PaBTSO/Shalfi Lewin.webp"
			}
		],
		"Voalsh": [
			{
				"path": "img/bestiary/token-subjects/PaBTSO/Voalsh.webp"
			}
		]
	},
	"FTD": {
		"Young Amethyst Dragon": [
			{
				"path": "img/bestiary/token-subjects/FTD/Young Amethyst Dragon.webp",
				"scaleCorrection": 2,
				"scale": 2
			}
		]
	},
	"TCE": {
		"Homunculus Servant": [
			{
				"path": "img/bestiary/token-subjects/TCE/Homunculus Servant.webp",
				"scaleCorrection": 1,
				"scale": 0.8
			}
		],
		"Adult Red Dracolich": [
			{
				"path": "img/bestiary/token-subjects/TCE/Adult Red Dracolich.webp"
			}
		],
		"Juvenile Mimic": [
			{
				"path": "img/bestiary/token-subjects/TCE/Juvenile Mimic.webp"
			}
		],
		"Bestial Spirit": [
			{
				"path": "img/bestiary/token-subjects/TCE/Bestial Spirit.webp"
			}
		],
		"Mighty Servant of Leuk-o": [
			{
				"path": "img/bestiary/token-subjects/TCE/Mighty Servant of Leuk-o.webp"
			}
		],
		"Beast of the Land": [
			{
				"path": "img/bestiary/token-subjects/TCE/Beast of the Land.webp"
			}
		],
		"Steel Defender": [
			{
				"path": "img/bestiary/token-subjects/TCE/Steel Defender.webp"
			}
		],
		"Wildfire Spirit": [
			{
				"path": "img/bestiary/token-subjects/TCE/Wildfire Spirit.webp"
			}
		]
	},
	"MPMM": {
		"Star Spawn Larva Mage": [
			{
				"path": "img/bestiary/token-subjects/MPMM/Star Spawn Larva Mage.webp"
			}
		]
	},
	"XPHB": {
		"Beast of the Land": [
			{
				"path": "img/bestiary/token-subjects/XPHB/Beast of the Land.webp"
			}
		],
		"Beast of the Sea": [
			{
				"path": "img/bestiary/token-subjects/XPHB/Beast of the Sea.webp"
			}
		],
		"Beast of the Sky": [
			{
				"path": "img/bestiary/token-subjects/XPHB/Beast of the Sky.webp",
				"scaleCorrection": 2,
				"scale": 2
			}
		],
		"Aberrant Spirit": [
			{
				"path": "img/bestiary/token-subjects/XPHB/Aberrant Spirit.webp",
				"scaleCorrection": 2,
				"scale": 2
			},
			{
				"path": "img/bestiary/token-subjects/XPHB/Aberrant Spirit (Variant 1).webp"
			},
			{
				"path": "img/bestiary/token-subjects/XPHB/Aberrant Spirit (Variant 2).webp"
			}
		],
		"Bestial Spirit": [
			{
				"path": "img/bestiary/token-subjects/XPHB/Bestial Spirit.webp",
				"scaleCorrection": 2,
				"scale": 1.3
			},
			{
				"path": "img/bestiary/token-subjects/XPHB/Bestial Spirit (Variant 1).webp",
				"scale": 0.7
			},
			{
				"path": "img/bestiary/token-subjects/XPHB/Bestial Spirit (Variant 2).webp",
				"scale": 0.7
			},
			{
				"path": "img/bestiary/token-subjects/XPHB/Bestial Spirit (Variant 3).webp",
				"scale": 0.7
			}
		],
		"Celestial Spirit": [
			{
				"path": "img/bestiary/token-subjects/XPHB/Celestial Spirit.webp",
				"scaleCorrection": 2,
				"scale": 2
			},
			{
				"path": "img/bestiary/token-subjects/XPHB/Celestial Spirit (Variant 1).webp"
			}
		],
		"Construct Spirit": [
			{
				"path": "img/bestiary/token-subjects/XPHB/Construct Spirit.webp"
			},
			{
				"path": "img/bestiary/token-subjects/XPHB/Construct Spirit (Variant 1).webp"
			},
			{
				"path": "img/bestiary/token-subjects/XPHB/Construct Spirit (Variant 2).webp"
			}
		],
		"Elemental Spirit": [
			{
				"path": "img/bestiary/token-subjects/XPHB/Elemental Spirit.webp"
			},
			{
				"path": "img/bestiary/token-subjects/XPHB/Elemental Spirit (Variant 1).webp"
			},
			{
				"path": "img/bestiary/token-subjects/XPHB/Elemental Spirit (Variant 2).webp"
			},
			{
				"path": "img/bestiary/token-subjects/XPHB/Elemental Spirit (Variant 3).webp"
			}
		],
		"Fey Spirit": [
			{
				"path": "img/bestiary/token-subjects/XPHB/Fey Spirit.webp",
				"scaleCorrection": 2,
				"scale": 2
			},
			{
				"path": "img/bestiary/token-subjects/XPHB/Fey Spirit (Variant 1).webp"
			}
		],
		"Fiendish Spirit": [
			{
				"path": "img/bestiary/token-subjects/XPHB/Fiendish Spirit.webp"
			},
			{
				"path": "img/bestiary/token-subjects/XPHB/Fiendish Spirit (Variant 1).webp"
			},
			{
				"path": "img/bestiary/token-subjects/XPHB/Fiendish Spirit (Variant 2).webp"
			}
		],
		"Giant Insect": [
			{
				"path": "img/bestiary/token-subjects/XPHB/Giant Insect.webp"
			}
		],
		"Animated Object": [
			{
				"path": "img/bestiary/token-subjects/XPHB/Animated Object.webp",
				"scaleCorrection": 2,
				"scale": 2
			}
		],
		"Draconic Spirit": [
			{
				"path": "img/bestiary/token-subjects/XPHB/Draconic Spirit.webp",
				"scaleCorrection": 2,
				"scale": 2
			}
		],
		"Otherworldly Steed": [
			{
				"path": "img/bestiary/token-subjects/XPHB/Otherworldly Steed.webp"
			}
		],
		"Undead Spirit": [
			{
				"path": "img/bestiary/token-subjects/XPHB/Undead Spirit.webp"
			},
			{
				"path": "img/bestiary/token-subjects/XPHB/Undead Spirit (Variant 1).webp"
			},
			{
				"path": "img/bestiary/token-subjects/XPHB/Undead Spirit (Variant 2).webp"
			}
		]
	},
	"XMM": {
		"Earth Elemental": [
			{
				"path": "img/bestiary/token-subjects/XMM/Earth Elemental.webp"
			}
		],
		"Fire Elemental": [
			{
				"path": "img/bestiary/token-subjects/XMM/Fire Elemental.webp"
			}
		],
		"Water Elemental": [
			{
				"path": "img/bestiary/token-subjects/XMM/Water Elemental.webp"
			}
		],
		"Giant Spider": [
			{
				"path": "img/bestiary/token-subjects/XMM/Giant Spider.webp",
				"scaleCorrection": 2,
				"scale": 2
			},
			{
				"path": "img/bestiary/token-subjects/XMM/Giant Spider (Variant 1).webp",
				"scaleCorrection": 2,
				"scale": 2
			}
		],
		"Giant Wasp": [
			{
				"path": "img/bestiary/token-subjects/XMM/Giant Wasp.webp"
			}
		],
		"Ape": [
			{
				"path": "img/bestiary/token-subjects/XMM/Ape.webp"
			}
		],
		"Badger": [
			{
				"path": "img/bestiary/token-subjects/XMM/Badger.webp"
			}
		],
		"Bat": [
			{
				"path": "img/bestiary/token-subjects/XMM/Bat.webp",
				"scaleCorrection": 2,
				"scale": 2
			}
		],
		"Black Bear": [
			{
				"path": "img/bestiary/token-subjects/XMM/Black Bear.webp"
			}
		],
		"Boar": [
			{
				"path": "img/bestiary/token-subjects/XMM/Boar.webp"
			}
		],
		"Brown Bear": [
			{
				"path": "img/bestiary/token-subjects/XMM/Brown Bear.webp"
			}
		],
		"Camel": [
			{
				"path": "img/bestiary/token-subjects/XMM/Camel.webp"
			}
		],
		"Cat": [
			{
				"path": "img/bestiary/token-subjects/XMM/Cat.webp"
			}
		],
		"Crab": [
			{
				"path": "img/bestiary/token-subjects/XMM/Crab.webp",
				"scaleCorrection": 2,
				"scale": 2
			}
		],
		"Crocodile": [
			{
				"path": "img/bestiary/token-subjects/XMM/Crocodile.webp"
			}
		],
		"Dire Wolf": [
			{
				"path": "img/bestiary/token-subjects/XMM/Dire Wolf.webp"
			}
		],
		"Draft Horse": [
			{
				"path": "img/bestiary/token-subjects/XMM/Draft Horse.webp"
			}
		],
		"Elephant": [
			{
				"path": "img/bestiary/token-subjects/XMM/Elephant.webp"
			}
		],
		"Elk": [
			{
				"path": "img/bestiary/token-subjects/XMM/Elk.webp"
			}
		],
		"Frog": [
			{
				"path": "img/bestiary/token-subjects/XMM/Frog.webp"
			}
		],
		"Giant Badger": [
			{
				"path": "img/bestiary/token-subjects/XMM/Giant Badger.webp"
			}
		],
		"Giant Crab": [
			{
				"path": "img/bestiary/token-subjects/XMM/Giant Crab.webp",
				"scaleCorrection": 2,
				"scale": 2
			}
		],
		"Giant Goat": [
			{
				"path": "img/bestiary/token-subjects/XMM/Giant Goat.webp"
			}
		],
		"Giant Seahorse": [
			{
				"path": "img/bestiary/token-subjects/XMM/Giant Seahorse.webp"
			}
		],
		"Giant Weasel": [
			{
				"path": "img/bestiary/token-subjects/XMM/Giant Weasel.webp"
			}
		],
		"Goat": [
			{
				"path": "img/bestiary/token-subjects/XMM/Goat.webp"
			}
		],
		"Hawk": [
			{
				"path": "img/bestiary/token-subjects/XMM/Hawk.webp"
			}
		],
		"Imp": [
			{
				"path": "img/bestiary/token-subjects/XMM/Imp.webp",
				"scaleCorrection": 2,
				"scale": 2
			}
		],
		"Lion": [
			{
				"path": "img/bestiary/token-subjects/XMM/Lion.webp"
			}
		],
		"Lizard": [
			{
				"path": "img/bestiary/token-subjects/XMM/Lizard.webp"
			}
		],
		"Mastiff": [
			{
				"path": "img/bestiary/token-subjects/XMM/Mastiff.webp"
			}
		],
		"Mule": [
			{
				"path": "img/bestiary/token-subjects/XMM/Mule.webp"
			}
		],
		"Octopus": [
			{
				"path": "img/bestiary/token-subjects/XMM/Octopus.webp"
			}
		],
		"Owl": [
			{
				"path": "img/bestiary/token-subjects/XMM/Owl.webp"
			}
		],
		"Pony": [
			{
				"path": "img/bestiary/token-subjects/XMM/Pony.webp"
			}
		],
		"Pseudodragon": [
			{
				"path": "img/bestiary/token-subjects/XMM/Pseudodragon.webp"
			}
		],
		"Quasit": [
			{
				"path": "img/bestiary/token-subjects/XMM/Quasit.webp"
			}
		],
		"Rat": [
			{
				"path": "img/bestiary/token-subjects/XMM/Rat.webp"
			}
		],
		"Reef Shark": [
			{
				"path": "img/bestiary/token-subjects/XMM/Reef Shark.webp"
			}
		],
		"Riding Horse": [
			{
				"path": "img/bestiary/token-subjects/XMM/Riding Horse.webp"
			}
		],
		"Scorpion": [
			{
				"path": "img/bestiary/token-subjects/XMM/Scorpion.webp"
			}
		],
		"Skeleton": [
			{
				"path": "img/bestiary/token-subjects/XMM/Skeleton.webp"
			},
			{
				"path": "img/bestiary/token-subjects/XMM/Skeleton (Variant 1).webp"
			},
			{
				"path": "img/bestiary/token-subjects/XMM/Skeleton (Variant 2).webp"
			}
		],
		"Slaad Tadpole": [
			{
				"path": "img/bestiary/token-subjects/XMM/Slaad Tadpole.webp"
			}
		],
		"Sphinx of Wonder": [
			{
				"path": "img/bestiary/token-subjects/XMM/Sphinx of Wonder.webp",
				"scaleCorrection": 2,
				"scale": 2
			}
		],
		"Spider": [
			{
				"path": "img/bestiary/token-subjects/XMM/Spider.webp"
			}
		],
		"Sprite": [
			{
				"path": "img/bestiary/token-subjects/XMM/Sprite.webp",
				"scaleCorrection": 2,
				"scale": 2
			},
			{
				"path": "img/bestiary/token-subjects/XMM/Sprite (Variant 1).webp",
				"scaleCorrection": 2,
				"scale": 2
			}
		],
		"Tiger": [
			{
				"path": "img/bestiary/token-subjects/XMM/Tiger.webp"
			},
			{
				"path": "img/bestiary/token-subjects/XMM/Tiger (Variant 1).webp"
			}
		],
		"Warhorse": [
			{
				"path": "img/bestiary/token-subjects/XMM/Warhorse.webp"
			}
		],
		"Weasel": [
			{
				"path": "img/bestiary/token-subjects/XMM/Weasel.webp"
			}
		],
		"Wolf": [
			{
				"path": "img/bestiary/token-subjects/XMM/Wolf.webp"
			},
			{
				"path": "img/bestiary/token-subjects/XMM/Wolf (Variant 1).webp"
			}
		],
		"Zombie": [
			{
				"path": "img/bestiary/token-subjects/XMM/Zombie.webp"
			}
		],
		"Air Elemental": [
			{
				"path": "img/bestiary/token-subjects/XMM/Air Elemental.webp"
			}
		],
		"Raven": [
			{
				"path": "img/bestiary/token-subjects/XMM/Raven.webp"
			}
		],
		"Animated Broom": [
			{
				"path": "img/bestiary/token-subjects/XMM/Animated Broom.webp"
			}
		],
		"Larva": [
			{
				"path": "img/bestiary/token-subjects/XMM/Larva.webp"
			}
		]
	},
	"XDMG": {
		"Avatar of Death": [
			{
				"path": "img/bestiary/token-subjects/XDMG/Avatar of Death.webp"
			}
		],
		"Giant Fly": [
			{
				"path": "img/bestiary/token-subjects/XDMG/Giant Fly.webp"
			}
		]
	}
}